,Source,Target
0,ezequ,rey
1,aun,mism
2,aun,qued
3,aun,dia
4,aun,siet
5,aun,habl
6,aun,lleg
7,aun,viv
8,aun,hij
9,aun,añad
10,abre,boc
11,segund,año
12,segund,vez
13,segund,dia
14,abri,ojos
15,abri,boc
16,abri,puert
17,fuent,agu
18,fuent,bas
19,sirvient,templ
20,jacob,respond
21,jacob,israel
22,jacob,dij
23,jacob,juan
24,jacob,dic
25,jacob,hij
26,hanan,hij
27,horn,fueg
28,fuert,jacob
29,fuert,braz
30,fuerz,pod
31,asim,hiz
32,asim,tod
33,asim,tom
34,sacerdot,sofon
35,sacerdot,eleaz
36,sacerdot,ofrec
37,sacerdot,expiacion
38,sacerdot,escrib
39,sacerdot,farise
40,sacerdot,aaron
41,sacerdot,levit
42,sacerdot,ministr
43,sacerdot,lug
44,sacerdot,toc
45,sacerdot,har
46,sacerdot,mir
47,sacerdot,lugar
48,sacerdot,ancian
49,sacerdot,profet
50,sacerdot,siempr
51,sacerdot,sadoc
52,sacerdot,tom
53,sacerdot,dios
54,sacerdot,joi
55,sacerdot,hij
56,sacerdot,puebl
57,sacerdot,esdras
58,sacerdot,llev
59,sacerdot,dij
60,sacerdot,hilc
61,sacerdot,abiat
62,sacerdot,uri
63,sacerdot,dic
64,sacerdot,declar
65,sacerdot,jehov
66,ruben,hij
67,ruben,primogenit
68,solemn,pan
69,solemn,jehov
70,neg,tres
71,avergonz,confund
72,med,med
73,mec,delant
74,mec,ofrend
75,mensajer,delant
76,mensajer,dic
77,met,var
78,met,cas
79,met,hoz
80,met,man
81,hiram,rey
82,mes,septim
83,mes,quint
84,mes,adar
85,mes,decim
86,mes,vin
87,mes,lad
88,mes,abib
89,mes,arrib
90,mes,año
91,mes,primer
92,mes,segund
93,mes,duodecim
94,pati,carcel
95,interpret,ley
96,oro,diez
97,oro,vest
98,oro,utensili
99,oro,ofir
100,oro,plat
101,oro,oro
102,oro,azul
103,oro,alrededor
104,oro,cual
105,oro,fin
106,oro,pur
107,oro,jehov
108,iban,delant
109,vasij,barr
110,volunt,dios
111,jesucrist,señor
112,tuvier,fluj
113,sarai,muj
114,calz,pies
115,faraon,rey
116,faraon,sierv
117,faraon,endurec
118,joacim,hij
119,joacim,rey
120,music,principal
121,puest,rey
122,puest,corazon
123,puest,pie
124,puest,sol
125,puest,delant
126,puest,gobern
127,puest,man
128,rebañ,ovej
129,esdras,escrib
130,carmes,lin
131,repos,jehov
132,ambos,llen
133,estatu,oro
134,concib,dio
135,hor,noven
136,hor,sext
137,confin,tierr
138,manantial,agu
139,hoy,mañan
140,hoy,delant
141,hoy,dia
142,hoy,jehov
143,lan,lin
144,lad,mar
145,lad,derech
146,lad,nort
147,lad,rio
148,lad,jordan
149,lad,sur
150,lad,occident
151,lad,oriental
152,lad,tabernacul
153,lad,orient
154,lad,puert
155,arca,pact
156,arca,dios
157,arca,testimoni
158,arca,jehov
159,palabr,conform
160,palabr,vid
161,palabr,sabidur
162,palabr,jesus
163,palabr,señor
164,palabr,rey
165,palabr,dich
166,palabr,hac
167,palabr,sierv
168,palabr,escrit
169,palabr,cual
170,palabr,mand
171,palabr,ley
172,palabr,tod
173,palabr,verdader
174,palabr,profet
175,palabr,oid
176,palabr,profec
177,palabr,verd
178,palabr,dios
179,palabr,libr
180,palabr,habl
181,palabr,puebl
182,palabr,pact
183,palabr,dic
184,palabr,mentir
185,palabr,fiel
186,palabr,boc
187,palabr,jehov
188,lav,vest
189,lav,cuerp
190,lav,agu
191,lav,pies
192,lav,man
193,aborrec,caus
194,orden,rey
195,orden,melquisedec
196,orden,batall
197,orden,ley
198,orden,hoy
199,orden,jehov
200,amorre,fereze
201,amorre,canane
202,amorre,habit
203,diecioch,años
204,diecioch,mil
205,principi,rein
206,entes,arco
207,zeb,zalmun
208,ovej,vac
209,ovej,buey
210,ovej,pastor
211,ovej,perd
212,cortin,atri
213,cortin,puert
214,cortin,entrad
215,fortalec,man
216,mayor,menor
217,destru,tierr
218,destru,cas
219,destru,ciudad
220,destru,delant
221,destru,idol
222,destru,puebl
223,destru,tod
224,destru,ciud
225,fij,ojos
226,fin,hij
227,fin,tierr
228,enemig,man
229,enemig,delant
230,enemig,estrad
231,fil,espad
232,primogenit,israel
233,primogenit,tierr
234,primogenit,hij
235,sadoc,hij
236,sadoc,abiat
237,cubiert,piel
238,jesus,respond
239,jesus,mism
240,jesus,san
241,jesus,vin
242,jesus,vio
243,jesus,señor
244,jesus,jerusalen
245,jesus,hij
246,jesus,discipul
247,jesus,dich
248,jesus,alli
249,jesus,entonc
250,jesus,tom
251,jesus,nazaren
252,jesus,aparec
253,jesus,templ
254,jesus,nazaret
255,jesus,crist
256,jesus,llam
257,jesus,dij
258,jesus,cas
259,jesus,anunci
260,jesus,predic
261,jesus,dec
262,sodom,gomorr
263,arroj,tierr
264,corrient,agu
265,obedec,voz
266,arroy,agu
267,arroy,arnon
268,guarnicion,filiste
269,cilici,ceniz
270,espad,espad
271,espad,hambr
272,espad,devor
273,espad,delant
274,espad,lanz
275,espad,man
276,¿no,este
277,¿no,vist
278,¿no,dich
279,¿no,sab
280,¿no,enseñ
281,¿no,escrit
282,¿no,dios
283,¿no,hij
284,¿no,jehov
285,muert,rey
286,muert,vid
287,muert,espad
288,muert,had
289,muert,jesus
290,muert,muert
291,muert,viv
292,muert,tod
293,muert,hij
294,muert,pec
295,muert,sin
296,muert,resucit
297,muert,saul
298,goz,cumpl
299,goz,alegr
300,goz,corazon
301,entran,compañ
302,anduv,camin
303,entrab,sal
304,bienaventur,hombr
305,bienaventur,aquel
306,postrer,primer
307,postrer,dias
308,entrad,cas
309,entrad,hamat
310,entrad,tierr
311,entrad,tabernacul
312,entrad,puert
313,mañan,sal
314,mañan,hor
315,mañan,dia
316,mañan,tard
317,ramot,gal
318,entrar,campament
319,entrar,tierr
320,entrar,cas
321,entrar,puert
322,entrar,rein
323,entrar,ciud
324,hech,conform
325,hech,israel
326,hech,rey
327,hech,padr
328,hech,tod
329,hech,conmig
330,hech,cas
331,hech,dios
332,hech,cos
333,hech,bien
334,hech,volv
335,hech,sierv
336,hech,pec
337,hech,grand
338,hech,asi
339,hech,jehov
340,hech,mal
341,hech,abomin
342,hech,man
343,isa,hij
344,isa,dij
345,isa,dic
346,aflig,puebl
347,aflig,menester
348,nabat,hiz
349,servici,cas
350,servici,tabernacul
351,ofrend,encend
352,ofrend,sacrifici
353,ofrend,mec
354,ofrend,flor
355,ofrend,paz
356,ofrend,quem
357,ofrend,libacion
358,ofrend,plat
359,ofrend,ofrec
360,ofrend,voluntari
361,ofrend,elev
362,ofrend,expiacion
363,ofrend,jehov
364,ofrend,pec
365,tom,vest
366,tom,posesion
367,tom,cuent
368,tom,venganz
369,tom,aquell
370,tom,hered
371,tom,piedr
372,tom,parabol
373,tom,sacerdot
374,tom,pues
375,tom,lech
376,tom,cinc
377,tom,alli
378,tom,sierv
379,tom,entonc
380,tom,hombr
381,tom,consig
382,tom,prest
383,tom,tod
384,tom,muj
385,tom,lueg
386,tom,mujer
387,tom,botin
388,tom,moises
389,tom,sueld
390,tom,gan
391,tom,dav
392,tom,prend
393,tom,arca
394,tom,libr
395,tom,hij
396,tom,niñ
397,tom,ahor
398,tom,puebl
399,tom,man
400,tom,cop
401,tom,tierr
402,tom,llev
403,tom,cas
404,tom,ovej
405,tom,sangr
406,tom,pan
407,tom,dos
408,tom,ciud
409,tom,consej
410,tom,cad
411,toc,bocin
412,toc,trompet
413,tod,vid
414,tod,noch
415,tod,sabidur
416,tod,angusti
417,tod,ciudad
418,tod,iglesi
419,tod,aquell
420,tod,nacion
421,tod,famili
422,tod,ave
423,tod,fuerz
424,tod,trop
425,tod,cabez
426,tod,besti
427,tod,compañ
428,tod,inmundici
429,tod,iniqu
430,tod,ofrend
431,tod,maravill
432,tod,oracion
433,tod,ovej
434,tod,buen
435,tod,enfermed
436,tod,hierb
437,tod,aves
438,tod,llanur
439,tod,gener
440,tod,obras
441,tod,mujer
442,tod,especi
443,tod,tribus
444,tod,rebelion
445,tod,fuent
446,tod,provinci
447,tod,transgresion
448,tod,multitud
449,tod,part
450,tod,carn
451,tod,gent
452,tod,palabr
453,tod,obra
454,tod,ley
455,tod,hij
456,tod,descendent
457,tod,alde
458,tod,abomin
459,tod,cos
460,tod,tierr
461,tod,alma
462,tod,cas
463,tod,maldicion
464,tod,region
465,tod,congreg
466,tod,grosur
467,tod,jude
468,tod,person
469,tod,riquez
470,tod,glori
471,tod,mald
472,tod,clas
473,tod,vision
474,tod,ciud
475,dign,muert
476,dign,ser
477,conserv,vid
478,abrir,boc
479,puebl,respond
480,puebl,hac
481,puebl,habit
482,puebl,vin
483,puebl,sirv
484,puebl,reun
485,puebl,fuert
486,puebl,jerusalen
487,puebl,contig
488,puebl,aun
489,puebl,pec
490,puebl,pas
491,puebl,qued
492,puebl,sal
493,puebl,levant
494,puebl,junt
495,puebl,debaj
496,puebl,grand
497,puebl,ven
498,puebl,dur
499,puebl,sin
500,puebl,tod
501,puebl,hered
502,puebl,israel
503,puebl,jud
504,puebl,mor
505,puebl,cual
506,puebl,habl
507,puebl,dios
508,puebl,hij
509,puebl,puebl
510,puebl,man
511,puebl,sacerdot
512,puebl,sant
513,puebl,tierr
514,puebl,llev
515,puebl,dij
516,puebl,oh
517,puebl,cas
518,puebl,nacion
519,puebl,dic
520,puebl,gran
521,puebl,conoc
522,puebl,delant
523,puebl,cad
524,puebl,com
525,puebl,jehov
526,trec,ciudad
527,tres,cos
528,tres,cod
529,tres,mil
530,tres,decim
531,tres,valient
532,tres,varon
533,tres,ciudad
534,tres,testig
535,tres,vec
536,tres,mes
537,tres,puert
538,tres,hij
539,tres,pec
540,tres,años
541,tres,dias
542,tres,hiler
543,este,hij
544,este,aquel
545,rab,hij
546,evangeli,crist
547,evangeli,rein
548,evangeli,dios
549,palaci,rey
550,jerem,dij
551,jerem,dic
552,alab,oh
553,alab,misericordi
554,alab,glori
555,alab,dios
556,alab,nombr
557,alab,puebl
558,alab,jehov
559,salteri,arpas
560,glorific,dios
561,escrib,farise
562,escrib,angel
563,escrib,safan
564,escrib,ancian
565,escrib,cart
566,escrib,nombr
567,especi,aromat
568,escrit,ley
569,escrit,libr
570,gerson,coat
571,nuev,pact
572,nuev,tierr
573,nuev,odres
574,nuev,años
575,nuev,dias
576,nuev,lun
577,corder,año
578,corder,segun
579,cronic,rey
580,datan,abiram
581,don,espiritual
582,don,dios
583,flor,almendr
584,flor,harin
585,quebrant,corazon
586,camp,fertil
587,camp,moab
588,declar,limpi
589,declar,inmund
590,dos,carner
591,dos,sol
592,dos,tabl
593,dos,discipul
594,dos,rey
595,dos,mil
596,dos,decim
597,dos,espig
598,dos,varon
599,dos,vec
600,dos,hombr
601,dos,anill
602,dos,años
603,dos,dias
604,dos,fil
605,dos,pec
606,dos,palomin
607,dos,mujer
608,dos,riñon
609,dos,corder
610,dos,mes
611,dos,extrem
612,dos,hij
613,dos,tortol
614,dos,hiler
615,dos,talent
616,dos,bas
617,dos,column
618,dos,braz
619,dos,cod
620,dos,buey
621,dos,dos
622,dos,tres
623,dos,querubin
624,engendr,hij
625,¡oh,si
626,¡oh,jehov
627,cabez,column
628,cabez,hij
629,cabez,angul
630,siet,mil
631,siet,angel
632,siet,espiritus
633,siet,vac
634,siet,carner
635,siet,espig
636,siet,corder
637,siet,iglesi
638,siet,vec
639,siet,hij
640,siet,años
641,siet,dias
642,siet,seman
643,busc,jesus
644,busc,dios
645,busc,hall
646,busc,vid
647,busc,jehov
648,anill,lad
649,anill,oro
650,di,cas
651,di,hij
652,di,padr
653,ardor,ira
654,da,vid
655,da,voc
656,da,luz
657,da,testimoni
658,da,graci
659,da,buen
660,da,hered
661,bat,man
662,bas,debaj
663,bas,bronc
664,bas,plat
665,epistol,apostol
666,sacrific,pascu
667,sacrific,holocaust
668,sacrific,idol
669,alzo,voz
670,alzo,man
671,baj,ley
672,baj,sombr
673,baj,direccion
674,baj,man
675,lobul,orej
676,saul,respond
677,saul,jonatan
678,saul,dij
679,saul,dav
680,saul,dic
681,saul,envi
682,saul,padr
683,saul,hij
684,saul,saul
685,respond,rey
686,respond,dij
687,respond,pedr
688,respond,dijeron
689,respond,dav
690,respond,jesus
691,respond,josu
692,respond,job
693,respond,entonc
694,respond,palabr
695,respond,jehov
696,respond,moises
697,respond,dic
698,respond,puebl
699,respond,saul
700,habit,tiend
701,habit,tierr
702,habit,cas
703,habit,mor
704,habit,medi
705,habit,mont
706,habit,alli
707,habit,ciudad
708,habit,segur
709,habit,aquell
710,habit,lug
711,habit,jerusalen
712,habit,hij
713,eleaz,josu
714,eleaz,hij
715,eleaz,itam
716,padr,conform
717,padr,celestial
718,padr,ciel
719,padr,padr
720,padr,famili
721,padr,señor
722,padr,egipt
723,padr,asi
724,padr,rey
725,padr,si
726,padr,envi
727,padr,descubr
728,padr,sin
729,padr,pec
730,padr,dad
731,padr,jov
732,padr,hiz
733,padr,dav
734,padr,dar
735,padr,dios
736,padr,hij
737,padr,herman
738,padr,pus
739,padr,tierr
740,padr,dij
741,padr,sepult
742,padr,dia
743,padr,dic
744,padr,hech
745,padr,dej
746,padr,madr
747,padr,conoc
748,padr,rein
749,padr,abraham
750,padr,com
751,padr,ciud
752,nub,cubr
753,nub,ciel
754,mur,jerusalen
755,mur,hij
756,mur,alrededor
757,mur,alli
758,mur,ciud
759,vall,hij
760,vall,refaim
761,propi,tierr
762,propi,corazon
763,propi,cas
764,propi,opinion
765,propi,ojos
766,propi,man
767,mud,vest
768,bien,tierr
769,bien,dich
770,bien,hac
771,bien,parezc
772,bien,hech
773,bien,cas
774,bien,si
775,bien,mal
776,bien,hij
777,bien,parecier
778,bien,sin
779,bien,tod
780,bien,jehov
781,ira,grand
782,ira,bien
783,ira,delant
784,ira,dios
785,ira,furor
786,ira,tod
787,ira,jehov
788,muj,ramer
789,muj,llam
790,muj,dio
791,muj,padr
792,muj,projim
793,muj,dij
794,muj,cas
795,muj,esau
796,muj,part
797,muj,tom
798,muj,dos
799,muj,hij
800,muj,herman
801,muj,abram
802,men,cabez
803,azar,hij
804,manases,hij
805,manases,padr
806,manases,efrain
807,toler,castig
808,cos,santisim
809,cos,inmund
810,cos,suced
811,cos,preci
812,cos,señor
813,cos,sagr
814,cos,escrib
815,cos,van
816,cos,semej
817,cos,hac
818,cos,acontec
819,cos,escrit
820,cos,cual
821,cos,hombr
822,cos,consagr
823,cos,oid
824,cos,santific
825,cos,habl
826,cos,dios
827,cos,asi
828,cos,mal
829,cos,abomin
830,cos,sant
831,cos,algun
832,cos,dia
833,cos,hech
834,cos,mand
835,cos,buen
836,cos,jehov
837,cor,hij
838,braz,mism
839,braz,extend
840,cod,ancho
841,cod,lad
842,cod,medi
843,cod,altur
844,cod,larg
845,cod,cod
846,cod,longitud
847,cod,anchur
848,dentr,cas
849,cumpl,dich
850,cumpl,mandamient
851,cumpl,escritur
852,cumpl,palabr
853,cumpl,dias
854,cumpl,tod
855,com,cos
856,com,sangr
857,com,saci
858,com,dia
859,com,frut
860,com,beb
861,com,carn
862,com,pascu
863,com,aves
864,com,hij
865,com,asi
866,com,pan
867,com,man
868,alborot,puebl
869,hac,conform
870,hac,mism
871,hac,volunt
872,hac,puebl
873,hac,sal
874,hac,sab
875,hac,pues
876,hac,volv
877,hac,expiacion
878,hac,juici
879,hac,pas
880,hac,acepcion
881,hac,sub
882,hac,memori
883,hac,iniqu
884,hac,paz
885,hac,mal
886,hac,debaj
887,hac,bien
888,hac,much
889,hac,grand
890,hac,hombr
891,hac,tod
892,hac,hoy
893,hac,aqu
894,hac,mor
895,hac,obras
896,hac,segun
897,hac,rey
898,hac,obra
899,hac,justici
900,hac,asi
901,hac,errar
902,hac,rect
903,hac,guerr
904,hac,cos
905,hac,tierr
906,hac,cas
907,hac,frent
908,hac,misericordi
909,hac,mald
910,hac,pec
911,hac,tiemp
912,hac,buen
913,hac,jehov
914,quint,año
915,quint,part
916,sombr,muert
917,quinc,dias
918,lluvi,tierr
919,confes,pec
920,añad,si
921,josu,hij
922,josu,tod
923,josu,israel
924,josu,dij
925,josu,dic
926,sac,tierr
927,sac,espad
928,sac,egipt
929,sac,agu
930,sac,puebl
931,sac,jehov
932,much,cos
933,much,tierr
934,much,mujer
935,much,gent
936,much,nacion
937,much,vec
938,much,palabr
939,much,agu
940,entonc,respond
941,entonc,mand
942,entonc,sal
943,entonc,sac
944,entonc,vin
945,entonc,ancian
946,entonc,jesus
947,entonc,joab
948,entonc,volv
949,entonc,señor
950,entonc,moises
951,entonc,discipul
952,entonc,escrib
953,entonc,farise
954,entonc,sacerdot
955,entonc,entend
956,entonc,sub
957,entonc,josu
958,entonc,dijeron
959,entonc,pedr
960,entonc,levant
961,entonc,varon
962,entonc,envi
963,entonc,sierv
964,entonc,tom
965,entonc,hombr
966,entonc,pabl
967,entonc,tod
968,entonc,muj
969,entonc,israel
970,entonc,mar
971,entonc,jud
972,entonc,pregunt
973,entonc,samuel
974,entonc,judi
975,entonc,comenz
976,entonc,abraham
977,entonc,dav
978,entonc,habl
979,entonc,jacob
980,entonc,jehov
981,entonc,hij
982,entonc,acord
983,entonc,puebl
984,entonc,pus
985,entonc,llam
986,entonc,clam
987,entonc,faraon
988,entonc,dij
989,entonc,conoc
990,entonc,pilat
991,entonc,acerc
992,entonc,dej
993,entonc,diras
994,entonc,rey
995,entonc,espiritu
996,entonc,cri
997,entonc,jos
998,entonc,saul
999,idol,abomin
1000,plaz,ciud
1001,veinticinc,años
1002,veinticinc,mil
1003,veinticinc,cod
1004,alegr,corazon
1005,alegr,goz
1006,niñ,muert
1007,niñ,mujer
1008,niñ,pus
1009,maner,hac
1010,maner,viv
1011,mentir,habl
1012,tomar,muj
1013,mader,acaci
1014,mader,piedr
1015,mader,cedr
1016,cont,justici
1017,cont,cuarent
1018,cont,siet
1019,cont,tribu
1020,cont,levit
1021,cont,cincuent
1022,cont,famili
1023,cont,moises
1024,cont,hij
1025,cont,tod
1026,ir,jerusalen
1027,ir,tierr
1028,ir,puebl
1029,estos,hij
1030,cant,alab
1031,cant,cantic
1032,cant,salm
1033,cant,gall
1034,cant,nombr
1035,cant,jehov
1036,conf,jehov
1037,jesu,hij
1038,descend,ciel
1039,descend,cas
1040,descend,mont
1041,descend,fueg
1042,descend,egipt
1043,descend,seol
1044,honr,padr
1045,honr,dios
1046,diecis,años
1047,algun,cos
1048,algun,profet
1049,algun,quier
1050,algun,hubier
1051,algun,ciudad
1052,algun,palabr
1053,algun,hombr
1054,algun,tiemp
1055,algun,sin
1056,congreg,israel
1057,congreg,jehov
1058,congreg,hij
1059,congreg,puebl
1060,espiritu,sant
1061,espiritu,vid
1062,espiritu,inmund
1063,espiritu,dic
1064,espiritu,verd
1065,espiritu,dios
1066,espiritu,mal
1067,espiritu,jehov
1068,just,impi
1069,just,juici
1070,just,jehov
1071,vendr,ser
1072,sentenci,muert
1073,eli,tisbit
1074,eli,dij
1075,hab,hech
1076,hab,dad
1077,hab,tom
1078,hag,conform
1079,hag,cos
1080,hag,volunt
1081,hag,sab
1082,hag,dios
1083,hag,bien
1084,hag,volv
1085,hag,misericordi
1086,hag,asi
1087,hag,mal
1088,hag,buen
1089,hag,jehov
1090,haz,bien
1091,har,pact
1092,har,conform
1093,har,sub
1094,har,pas
1095,har,llev
1096,har,volv
1097,har,cas
1098,har,mor
1099,har,arder
1100,har,oir
1101,har,sab
1102,har,bien
1103,har,sacerdot
1104,har,ces
1105,har,descend
1106,har,llov
1107,har,ven
1108,har,expiacion
1109,har,contig
1110,har,juici
1111,har,jehov
1112,hiler,piedr
1113,hat,cerd
1114,coron,glori
1115,preserv,vid
1116,¿hast,cuand
1117,apart,israel
1118,apart,derech
1119,apart,camin
1120,apart,pos
1121,apart,pec
1122,apart,mal
1123,apart,jehov
1124,agrav,yug
1125,agrad,ojos
1126,agrad,jehov
1127,agrad,delant
1128,agrad,dios
1129,amor,crist
1130,amor,dav
1131,amor,nombr
1132,amor,mism
1133,amor,dios
1134,gedal,hij
1135,acab,obra
1136,acab,hij
1137,acab,rey
1138,acab,tod
1139,acab,habl
1140,repart,despoj
1141,repart,suert
1142,repart,tierr
1143,cualqui,varon
1144,cualqui,hombr
1145,borr,nombr
1146,revel,misteri
1147,abiert,ojos
1148,repudi,muj
1149,cautiv,jerusalen
1150,cautiv,babiloni
1151,cautiv,jud
1152,fos,leon
1153,frut,vientr
1154,frut,tierr
1155,frut,com
1156,frut,arbol
1157,cedr,liban
1158,cort,tierr
1159,cort,puebl
1160,cort,cabez
1161,artajerj,rey
1162,descendent,siempr
1163,descendent,despues
1164,descendent,dar
1165,descendent,famili
1166,descendent,herman
1167,diner,rescat
1168,orej,derech
1169,contamin,hombr
1170,contamin,idol
1171,presenci,jehov
1172,presenci,faraon
1173,presenci,rey
1174,presenci,puebl
1175,presenci,dios
1176,sol,tierr
1177,sol,qued
1178,sol,conoc
1179,sol,hac
1180,sol,vez
1181,sol,carn
1182,sol,dios
1183,sol,hombr
1184,sol,jehov
1185,sol,sin
1186,sol,lun
1187,sol,pus
1188,son,bocin
1189,son,trompet
1190,vuelt,atras
1191,vuelt,blanc
1192,vuelv,atras
1193,cantic,gradual
1194,cantic,nuev
1195,cantic,alab
1196,ejercit,israel
1197,ejercit,rey
1198,ejercit,cont
1199,ejercit,ciel
1200,ejercit,calde
1201,ejercit,dic
1202,ejercit,tribu
1203,ejercit,envi
1204,ejercit,dios
1205,ejercit,nombr
1206,call,jerusalen
1207,espaldill,derech
1208,tiglat-piles,rey
1209,salvacion,israel
1210,salvacion,dios
1211,salvacion,jehov
1212,roboam,hij
1213,ponedl,obra
1214,trig,ceb
1215,ben-ad,rey
1216,pensamient,corazon
1217,bord,alrededor
1218,panal,miel
1219,tir,sidon
1220,diez,cod
1221,diez,bas
1222,diez,cuern
1223,diez,años
1224,diez,sicl
1225,diez,vec
1226,diez,hombr
1227,diez,grad
1228,diez,dias
1229,diez,mil
1230,dolor,corazon
1231,dolor,muj
1232,mesulam,hij
1233,siguient,dia
1234,publican,pecador
1235,obras,muert
1236,obras,ley
1237,obras,dios
1238,obras,man
1239,obras,jehov
1240,eliaquim,hij
1241,foraster,tierr
1242,levantat,vet
1243,levantat,oh
1244,levantat,ve
1245,levantat,tom
1246,sujet,ley
1247,¿y,com
1248,¿y,dond
1249,¿y,quien
1250,armas,guerr
1251,segu,camin
1252,segu,jehov
1253,segu,jesus
1254,consum,fueg
1255,consum,palaci
1256,consum,tierr
1257,rog,dej
1258,rog,dic
1259,menor,mayor
1260,primer,postrer
1261,primer,vez
1262,primer,mes
1263,primer,frut
1264,ose,hij
1265,¿a,dond
1266,¿a,quien
1267,besti,camp
1268,besti,tierr
1269,ver,si
1270,ver,rostr
1271,decim,flor
1272,decim,efa
1273,decim,part
1274,decim,cad
1275,vez,dio
1276,vez,dic
1277,huyeron,delant
1278,jotam,hij
1279,ven,aca
1280,ven,rey
1281,ven,ser
1282,ven,conmig
1283,ven,mund
1284,ven,pues
1285,ven,pos
1286,ven,tierr
1287,ven,mañan
1288,ven,señor
1289,ven,jerusalen
1290,ven,hij
1291,ven,ahor
1292,ven,mal
1293,sefat,hij
1294,division,veinticuatr
1295,vet,cas
1296,ochent,años
1297,ochent,mil
1298,edad,treint
1299,dio,orden
1300,dio,rey
1301,dio,testimoni
1302,dio,beb
1303,dio,luz
1304,dio,voc
1305,dio,autor
1306,dio,graci
1307,dio,pris
1308,dio,tierr
1309,dio,hij
1310,dio,avis
1311,dio,moises
1312,dio,nuev
1313,dio,jehov
1314,salvador,jesucrist
1315,dij,moises
1316,dij,acab
1317,dij,angel
1318,dij,pedr
1319,dij,saul
1320,dij,jerem
1321,dij,jesus
1322,dij,padr
1323,dij,discipul
1324,dij,balaam
1325,dij,señor
1326,dij,elise
1327,dij,hij
1328,dij,absalon
1329,dij,parabol
1330,dij,simon
1331,dij,faraon
1332,dij,josu
1333,dij,pues
1334,dij,herman
1335,dij,varon
1336,dij,aaron
1337,dij,sierv
1338,dij,entonc
1339,dij,balac
1340,dij,josafat
1341,dij,pabl
1342,dij,muj
1343,dij,lueg
1344,dij,dios
1345,dij,jos
1346,dij,samuel
1347,dij,eli
1348,dij,dav
1349,dij,rey
1350,dij,hombr
1351,dij,jacob
1352,dij,asi
1353,dij,puebl
1354,dij,corazon
1355,dij,laban
1356,dij,cri
1357,dij,madr
1358,dij,ademas
1359,dij,isa
1360,dij,abraham
1361,dij,jehov
1362,enoj,jehov
1363,dig,pues
1364,dig,nadi
1365,dig,ahor
1366,dig,si
1367,dia,castig
1368,dia,sal
1369,dia,noch
1370,dia,repos
1371,dia,vin
1372,dia,señor
1373,dia,primer
1374,dia,juici
1375,dia,nac
1376,dia,postrer
1377,dia,rey
1378,dia,septim
1379,dia,muert
1380,dia,tom
1381,dia,ira
1382,dia,tod
1383,dia,hoy
1384,dia,siguient
1385,dia,mañan
1386,dia,batall
1387,dia,seman
1388,dia,mes
1389,dia,furor
1390,dia,expiacion
1391,dia,mal
1392,dia,sant
1393,dia,quebrant
1394,dia,dia
1395,dia,dic
1396,dia,princip
1397,dia,lleg
1398,dia,gran
1399,dia,adel
1400,dia,saqu
1401,dia,fiest
1402,dia,angusti
1403,dia,jehov
1404,dic,rey
1405,dic,corazon
1406,dic,iglesi
1407,dic,señor
1408,dic,asi
1409,dic,jehov
1410,pec,hech
1411,pec,israel
1412,pec,mar
1413,pec,jud
1414,pec,perdon
1415,pec,mor
1416,pec,hiz
1417,pec,holocaust
1418,pec,muert
1419,pec,jeroboam
1420,pec,padr
1421,pec,comet
1422,pec,hij
1423,pec,puebl
1424,pec,jehov
1425,dir,puebl
1426,pedr,jacob
1427,pedr,juan
1428,pedr,apostol
1429,pedr,dij
1430,sigl,sigl
1431,cost,mar
1432,arrastr,tierr
1433,simeon,lev
1434,corazon,perfect
1435,corazon,dios
1436,corazon,rey
1437,corazon,corazon
1438,corazon,conoc
1439,corazon,entend
1440,corazon,faraon
1441,corazon,hac
1442,corazon,dic
1443,corazon,hombr
1444,corazon,espiritu
1445,corazon,busc
1446,corazon,hij
1447,corazon,apart
1448,corazon,puebl
1449,corazon,tod
1450,corazon,jehov
1451,ministr,santuari
1452,ministr,tabernacul
1453,ministr,jehov
1454,hered,tierr
1455,hered,lad
1456,hered,nacion
1457,hered,tribu
1458,hered,padr
1459,hered,hij
1460,hered,herman
1461,estatut,mandamient
1462,estatut,orden
1463,estatut,guard
1464,estatut,decret
1465,estatut,perpetu
1466,oyeron,inclin
1467,oyeron,palabr
1468,gener,gener
1469,libacion,ofrec
1470,libacion,becerr
1471,deb,hab
1472,deb,hac
1473,deb,ser
1474,alta,voz
1475,extrem,pectoral
1476,extrem,tierr
1477,extrem,ciel
1478,boc,profet
1479,boc,costal
1480,boc,neci
1481,boc,sal
1482,boc,jerem
1483,boc,leon
1484,boc,habl
1485,boc,poz
1486,boc,impi
1487,boc,pan
1488,boc,jehov
1489,tempran,ces
1490,cien,talent
1491,cien,años
1492,cien,cod
1493,cien,mil
1494,ciel,dad
1495,ciel,dios
1496,ciel,dec
1497,ciel,semej
1498,ciel,ciel
1499,ciel,hac
1500,ciel,besti
1501,ciel,tierr
1502,ciel,descend
1503,ciel,lug
1504,ciel,arrib
1505,ciel,nuev
1506,ciel,abiert
1507,ciel,tron
1508,ciel,perdon
1509,ciel,jehov
1510,cieg,coj
1511,cabell,cabez
1512,escritur,dic
1513,reedific,cas
1514,discut,dic
1515,caball,carr
1516,caball,jinet
1517,ciudadan,roman
1518,cayeron,muert
1519,altar,bronc
1520,altar,cas
1521,altar,holocaust
1522,altar,oro
1523,altar,delant
1524,altar,alrededor
1525,altar,baal
1526,altar,inciens
1527,altar,jehov
1528,diestr,siniestr
1529,diestr,dios
1530,judi,dijeron
1531,judi,grieg
1532,judi,gentil
1533,uncion,inciens
1534,cas,servidumbr
1535,cas,acab
1536,cas,israel
1537,cas,despues
1538,cas,rebeld
1539,cas,padr
1540,cas,señor
1541,cas,jerusalen
1542,cas,nombr
1543,cas,edific
1544,cas,simon
1545,cas,sierv
1546,cas,faraon
1547,cas,mic
1548,cas,obed-edom
1549,cas,jud
1550,cas,alrededor
1551,cas,lug
1552,cas,hombr
1553,cas,sin
1554,cas,real
1555,cas,tesor
1556,cas,mar
1557,cas,jos
1558,cas,ciud
1559,cas,mor
1560,cas,tom
1561,cas,dav
1562,cas,rey
1563,cas,dios
1564,cas,jacob
1565,cas,hij
1566,cas,herman
1567,cas,tierr
1568,cas,cas
1569,cas,dia
1570,cas,patern
1571,cas,dic
1572,cas,hech
1573,cas,jeroboam
1574,cas,invoc
1575,cas,saul
1576,cas,com
1577,cas,llen
1578,cas,jehov
1579,car,car
1580,prepar,pascu
1581,prepar,camin
1582,flu,lech
1583,cav,hoy
1584,cam,cas
1585,cam,jafet
1586,amaras,projim
1587,cad,conform
1588,cad,espad
1589,cad,carner
1590,cad,tribu
1591,cad,año
1592,cad,compañer
1593,cad,tiend
1594,cad,propi
1595,cad,siet
1596,cad,cual
1597,cad,mal
1598,cad,hered
1599,cad,herman
1600,cad,provinci
1601,cad,segun
1602,cad,mañan
1603,cad,mes
1604,cad,post
1605,cad,corder
1606,cad,becerr
1607,cad,cos
1608,cad,cas
1609,cad,dia
1610,cad,puert
1611,cad,incensari
1612,cad,ciud
1613,noch,vin
1614,noch,dia
1615,noch,dij
1616,tabl,lad
1617,tabl,dos
1618,tabl,tabernacul
1619,tabl,piedr
1620,nabucodonosor,rey
1621,chic,grand
1622,septim,año
1623,septim,dia
1624,aquel,mism
1625,aquel,hac
1626,aquel,dia
1627,aquel,cuy
1628,aquel,varon
1629,aquel,sierv
1630,aquel,cre
1631,aquel,hombr
1632,aquel,año
1633,aquel,tiemp
1634,aquel,lug
1635,varon,ancian
1636,varon,jud
1637,varon,cas
1638,varon,llam
1639,varon,israel
1640,varon,vest
1641,varon,cuy
1642,varon,hembr
1643,varon,delant
1644,varon,mes
1645,varon,dios
1646,varon,hij
1647,varon,herman
1648,varon,muj
1649,años,engendr
1650,años,vid
1651,años,hambr
1652,años,comenz
1653,años,jerusalen
1654,años,arrib
1655,años,rein
1656,arbol,frondos
1657,arbol,da
1658,arbol,camp
1659,arbol,vid
1660,arbol,frut
1661,mas,respond
1662,mas,just
1663,mas,pedr
1664,mas,jesus
1665,mas,guard
1666,mas,padr
1667,mas,nombr
1668,mas,pas
1669,mas,corazon
1670,mas,quis
1671,mas,septim
1672,mas,hac
1673,mas,esper
1674,mas,dej
1675,mas,si
1676,mas,hombr
1677,mas,¡ay
1678,mas,pec
1679,mas,aqu
1680,mas,hiz
1681,mas,dav
1682,mas,rey
1683,mas,dios
1684,mas,hij
1685,mas,ahor
1686,mas,puebl
1687,mas,apart
1688,mas,sacerdot
1689,mas,boc
1690,mas,dij
1691,mas,neci
1692,mas,ojos
1693,mas,dig
1694,mas,dia
1695,mas,hech
1696,mas,entend
1697,mas,princip
1698,mas,volv
1699,mas,conoc
1700,mas,impi
1701,mas,jehov
1702,mar,roj
1703,mar,mar
1704,mar,dij
1705,mar,sal
1706,mar,tierr
1707,mar,madr
1708,mar,magdalen
1709,mar,grand
1710,mar,muj
1711,mat,rey
1712,mat,espad
1713,mat,dav
1714,mat,hombr
1715,mat,hij
1716,mat,herman
1717,sacrifici,alab
1718,sacrifici,paz
1719,sacrifici,ofrend
1720,sacrifici,dios
1721,sacrifici,jehov
1722,sacrifici,pec
1723,mal,pensamient
1724,mal,obras
1725,mal,hac
1726,mal,dij
1727,mal,camin
1728,mal,medi
1729,mal,hech
1730,mal,bien
1731,mal,hic
1732,mal,delant
1733,mal,pued
1734,mal,habl
1735,mal,hombr
1736,mal,ojos
1737,mal,part
1738,mal,mal
1739,mal,buen
1740,man,derech
1741,man,señor
1742,man,nabucodonosor
1743,man,fuert
1744,man,dios
1745,man,hij
1746,man,cabez
1747,man,rey
1748,man,faraon
1749,man,boc
1750,man,vac
1751,man,hac
1752,man,puebl
1753,man,sierv
1754,man,tom
1755,man,var
1756,man,hombr
1757,man,enemig
1758,man,israel
1759,man,mar
1760,man,mat
1761,man,extend
1762,man,calde
1763,man,filiste
1764,man,jur
1765,man,dos
1766,man,busc
1767,man,toc
1768,man,obra
1769,man,jehov
1770,man,moises
1771,man,pies
1772,man,man
1773,man,impi
1774,man,poder
1775,man,egipci
1776,man,saul
1777,man,izquierd
1778,man,com
1779,man,haci
1780,natural,extranjer
1781,cañ,med
1782,predic,evangeli
1783,si,anduvier
1784,si,puebl
1785,si,sal
1786,si,sab
1787,si,hallar
1788,si,vinier
1789,si,padr
1790,si,viv
1791,si,señor
1792,si,tuvier
1793,si,mal
1794,si,hij
1795,si,permanec
1796,si,convirtier
1797,si,rey
1798,si,corazon
1799,si,fuer
1800,si,pues
1801,si,hac
1802,si,aquel
1803,si,aun
1804,si,hubier
1805,si,bien
1806,si,quer
1807,si,parec
1808,si,hombr
1809,si,perdon
1810,si,pued
1811,si,muj
1812,si,oyer
1813,si,mar
1814,si,dier
1815,si,herman
1816,si,conoc
1817,si,oyereis
1818,si,habl
1819,si,verd
1820,si,dios
1821,si,plac
1822,si,ley
1823,si,asi
1824,si,parecier
1825,si,hall
1826,si,man
1827,si,crist
1828,si,cos
1829,si,vien
1830,si,dijer
1831,si,algun
1832,si,quier
1833,si,algui
1834,si,hech
1835,si,recib
1836,si,hicier
1837,si,espiritu
1838,si,volviereis
1839,si,vier
1840,si,dec
1841,si,com
1842,si,jehov
1843,cubr,intestin
1844,cubr,oro
1845,cubr,tierr
1846,cubr,cabez
1847,cubr,rostr
1848,se,dond
1849,mictam,dav
1850,coll,alto
1851,nombr,israel
1852,nombr,nombr
1853,nombr,grand
1854,nombr,siempr
1855,nombr,oh
1856,nombr,muj
1857,nombr,herman
1858,nombr,dic
1859,nombr,aquel
1860,nombr,jesus
1861,nombr,varon
1862,nombr,padr
1863,nombr,madr
1864,nombr,señor
1865,nombr,jacob
1866,nombr,jehov
1867,nombr,invoc
1868,nombr,veint
1869,nombr,dios
1870,nombr,hij
1871,nombr,ciud
1872,edific,lugar
1873,edific,mur
1874,edific,cas
1875,edific,altar
1876,edific,alli
1877,edific,templ
1878,edific,torr
1879,edific,ciud
1880,edific,jehov
1881,piedr,mader
1882,piedr,onic
1883,piedr,labr
1884,piedr,preci
1885,piedr,grand
1886,piedr,piedr
1887,tort,levadur
1888,tort,pan
1889,establec,pact
1890,avis,dav
1891,¿com,pues
1892,¿com,podr
1893,¿com,pued
1894,filiste,man
1895,temer,dios
1896,hall,ningun
1897,hall,durm
1898,hall,cas
1899,hall,alli
1900,hall,graci
1901,hall,hombr
1902,jonadab,hij
1903,terc,año
1904,terc,dia
1905,anunci,muert
1906,anunci,evangeli
1907,roci,sangr
1908,roci,ciel
1909,veint,mil
1910,veint,años
1911,veint,cod
1912,veint,tabl
1913,candeler,oro
1914,continu,ofrend
1915,rostr,tierr
1916,rostr,delant
1917,rostr,haci
1918,permanec,siempr
1919,cabri,expiacion
1920,cabri,cinc
1921,limpi,cas
1922,limpi,tod
1923,limpi,limpi
1924,carr,caball
1925,carr,gent
1926,carr,rey
1927,escud,oro
1928,escud,lanz
1929,quinient,cañ
1930,carn,sangr
1931,carn,com
1932,carn,hij
1933,carn,viv
1934,carn,sin
1935,rebel,jehov
1936,simei,hij
1937,rein,ciel
1938,rein,sab
1939,rein,padr
1940,rein,jerusalen
1941,rein,rey
1942,rein,joacim
1943,rein,lug
1944,rein,ester
1945,rein,hombr
1946,rein,israel
1947,rein,veinticinc
1948,rein,jud
1949,rein,mund
1950,rein,joram
1951,rein,ocoz
1952,rein,dav
1953,rein,dios
1954,rein,puebl
1955,rein,man
1956,rein,vasti
1957,rein,tierr
1958,rein,og
1959,rein,cuarent
1960,rein,asa
1961,rein,dos
1962,rein,rein
1963,rein,jehov
1964,recog,espig
1965,recog,frut
1966,prescrib,hoy
1967,extranjer,mor
1968,extranjer,tierr
1969,extranjer,huerfan
1970,derech,cas
1971,derech,izquierd
1972,derech,justici
1973,derech,haci
1974,carner,consagr
1975,carner,defect
1976,carner,cinc
1977,carner,siet
1978,carner,teñ
1979,carner,corder
1980,carner,catorc
1981,zac,hij
1982,alzand,ojos
1983,entrand,barc
1984,sinagog,judi
1985,pech,mec
1986,huy,delant
1987,serv,dios
1988,serv,rey
1989,serv,jehov
1990,pequeñ,grand
1991,arrebat,pres
1992,san,pabl
1993,san,enferm
1994,angel,derram
1995,angel,dij
1996,angel,ciel
1997,angel,dios
1998,angel,siet
1999,angel,iglesi
2000,angel,habl
2001,angel,señor
2002,angel,toc
2003,angel,jehov
2004,sal,encontr
2005,sal,presenci
2006,sal,sol
2007,sal,jesus
2008,sal,delant
2009,sal,egipt
2010,sal,moises
2011,sal,rey
2012,sal,ver
2013,sal,pues
2014,sal,medi
2015,sal,mont
2016,sal,alli
2017,sal,fueg
2018,sal,lug
2019,sal,hombr
2020,sal,tod
2021,sal,mar
2022,sal,encuentr
2023,sal,entrad
2024,sal,fiador
2025,sal,desiert
2026,sal,hij
2027,sal,guerr
2028,sal,tierr
2029,sal,camp
2030,sal,recib
2031,sal,puert
2032,sal,boc
2033,sal,ciud
2034,trescient,hombr
2035,sab,hac
2036,sab,cos
2037,sab,rey
2038,sab,ciert
2039,sab,oh
2040,sab,dios
2041,sab,si
2042,sab,jesus
2043,sab,bien
2044,sab,padr
2045,sab,dav
2046,sab,dond
2047,sab,quien
2048,sab,hombr
2049,sab,com
2050,sab,tod
2051,sab,jehov
2052,sar,muj
2053,rubenit,gadit
2054,zor,estaol
2055,cantor,porter
2056,implor,favor
2057,remanent,israel
2058,remanent,puebl
2059,veintidos,años
2060,veintidos,mil
2061,pais,egipt
2062,salm,asaf
2063,salm,dav
2064,salm,hij
2065,ismael,hij
2066,abraham,dij
2067,abraham,padr
2068,abraham,dios
2069,abraham,isaac
2070,abraham,sar
2071,abraham,hij
2072,salv,israel
2073,salv,puebl
2074,salv,vid
2075,salv,jehov
2076,tron,rein
2077,tron,israel
2078,tron,dav
2079,tron,dios
2080,zarcill,oro
2081,haci,desiert
2082,haci,nort
2083,haci,cas
2084,haci,ciel
2085,haci,mar
2086,haci,tierr
2087,haci,sur
2088,haci,adel
2089,haci,occident
2090,haci,atras
2091,haci,orient
2092,duodecim,mes
2093,dich,profet
2094,dich,cos
2095,dich,moises
2096,dich,asi
2097,dich,jehov
2098,testig,fals
2099,mund,sin
2100,samuel,dij
2101,comenz,rein
2102,comenz,dec
2103,¡viv,rey
2104,llor,cruj
2105,llor,amarg
2106,llor,lament
2107,desciend,sepulcr
2108,vision,noch
2109,salomon,rey
2110,salomon,cas
2111,salomon,hiz
2112,salomon,hech
2113,salomon,hij
2114,salomon,edific
2115,balaam,respond
2116,balaam,hij
2117,balaam,dij
2118,fortific,jud
2119,blasfem,nombr
2120,blasfem,dios
2121,ningun,cos
2122,ningun,maner
2123,ningun,trabaj
2124,ningun,delit
2125,ningun,obra
2126,ningun,hombr
2127,ningun,mal
2128,abomin,nacion
2129,abomin,jehov
2130,¿par,quien
2131,quier,hac
2132,quier,dec
2133,quier,ser
2134,quier,hag
2135,mont,alto
2136,mont,seir
2137,mont,llam
2138,mont,sant
2139,mont,caball
2140,mont,dios
2141,mont,oliv
2142,mont,israel
2143,mont,gilbo
2144,mont,coll
2145,mont,hermon
2146,mont,hor
2147,mont,sion
2148,mont,delant
2149,mont,ebal
2150,mont,sina
2151,mont,efrain
2152,mont,jehov
2153,mand,rey
2154,mand,puebl
2155,mand,acerc
2156,mand,dic
2157,mand,josu
2158,mand,sacerdot
2159,mand,hij
2160,mand,hoy
2161,mand,moises
2162,mand,jehov
2163,ademas,rey
2164,ademas,holocaust
2165,ademas,dij
2166,ademas,jehov
2167,comet,adulteri
2168,comet,pec
2169,consej,ahitofel
2170,polv,tierr
2171,pos,jehov
2172,pos,tierr
2173,pos,hered
2174,pos,dios
2175,monton,ruin
2176,pon,rostr
2177,pon,sol
2178,pon,alli
2179,pon,obra
2180,pon,nombr
2181,pon,man
2182,gadit,medi
2183,pod,espiritu
2184,pod,hac
2185,pod,sal
2186,pod,glori
2187,pod,dios
2188,pod,man
2189,poc,dias
2190,poc,fe
2191,tercer,part
2192,tercer,vez
2193,josafat,hij
2194,josafat,rey
2195,oiras,ciel
2196,andres,herman
2197,tierr,pas
2198,tierr,dist
2199,tierr,canane
2200,tierr,ciel
2201,tierr,flu
2202,tierr,habit
2203,tierr,desiert
2204,tierr,canaan
2205,tierr,viñ
2206,tierr,sec
2207,tierr,asol
2208,tierr,egipt
2209,tierr,posesion
2210,tierr,filiste
2211,tierr,dic
2212,tierr,benjamin
2213,tierr,lejan
2214,tierr,adond
2215,tierr,rey
2216,tierr,delant
2217,tierr,destru
2218,tierr,hac
2219,tierr,moab
2220,tierr,mar
2221,tierr,gosen
2222,tierr,debaj
2223,tierr,sal
2224,tierr,alrededor
2225,tierr,tom
2226,tierr,hombr
2227,tierr,enemig
2228,tierr,tod
2229,tierr,hered
2230,tierr,dad
2231,tierr,israel
2232,tierr,edom
2233,tierr,cual
2234,tierr,jud
2235,tierr,di
2236,tierr,calde
2237,tierr,mor
2238,tierr,hiz
2239,tierr,parentel
2240,tierr,pos
2241,tierr,ajen
2242,tierr,gal
2243,tierr,vivient
2244,tierr,dar
2245,tierr,tembl
2246,tierr,morador
2247,tierr,hij
2248,tierr,segun
2249,tierr,puebl
2250,tierr,man
2251,tierr,jur
2252,tierr,seg
2253,tierr,tierr
2254,tierr,cas
2255,tierr,nort
2256,tierr,amorre
2257,tierr,nacion
2258,tierr,contamin
2259,tierr,caus
2260,tierr,sangr
2261,tierr,dej
2262,tierr,volv
2263,tierr,gran
2264,tierr,sin
2265,tierr,com
2266,tierr,llen
2267,tierr,jehov
2268,oiran,voz
2269,reconoc,tierr
2270,buey,asno
2271,buey,ovej
2272,buey,carner
2273,buey,cinc
2274,buey,asnos
2275,pobr,menester
2276,derrib,altar
2277,derrib,tierr
2278,derrib,mur
2279,invoc,nombr
2280,endurec,cerviz
2281,endurec,corazon
2282,buen,obras
2283,buen,tierr
2284,buen,volunt
2285,buen,testimoni
2286,buen,concienci
2287,buen,frut
2288,buen,parec
2289,buen,palabr
2290,buen,obra
2291,buen,nuev
2292,buen,mal
2293,buen,rect
2294,plegari,pid
2295,vest,rop
2296,vest,lin
2297,vest,purpur
2298,vest,lav
2299,vest,mism
2300,ofrec,sacrifici
2301,ofrec,altar
2302,ofrec,ofrend
2303,ofrec,holocaust
2304,ofrec,delant
2305,ofrec,voluntari
2306,ofrec,inciens
2307,ofrec,becerr
2308,ofrec,pan
2309,ofrec,jehov
2310,urdimbr,tram
2311,discipul,dijeron
2312,discipul,juan
2313,discipul,dic
2314,discipul,dij
2315,discipul,jesus
2316,pas,aqu
2317,pas,fueg
2318,pas,cos
2319,pas,mar
2320,pas,agu
2321,pas,lad
2322,pas,camin
2323,pas,medi
2324,pas,israel
2325,pas,alli
2326,pas,jesus
2327,pas,noch
2328,pas,tierr
2329,pas,jordan
2330,pas,pues
2331,pas,adel
2332,pas,delant
2333,pas,hij
2334,pas,revist
2335,pas,dias
2336,misericordi,dios
2337,misericordi,delant
2338,misericordi,verd
2339,misericordi,oh
2340,misericordi,jehov
2341,paz,cas
2342,paz,paz
2343,paz,dios
2344,paz,dos
2345,paz,contig
2346,paz,puebl
2347,paz,tod
2348,paz,jehov
2349,¡ah,señor
2350,cuatr,pat
2351,cuatr,ser
2352,cuatr,lad
2353,cuatr,ciudad
2354,cuatr,cod
2355,cuatr,mes
2356,cuatr,vient
2357,cuatr,anill
2358,cuatr,esquin
2359,cuatr,mil
2360,paj,ojo
2361,paj,armas
2362,suegr,moises
2363,¡ay,escrib
2364,¡ay,ay
2365,¡ay,aquel
2366,cel,jehov
2367,oig,espiritu
2368,quien,hij
2369,quien,podr
2370,arder,altar
2371,profund,seol
2372,profund,piel
2373,profund,tierr
2374,profund,mar
2375,oir,oig
2376,oir,palabr
2377,oir,voz
2378,memori,nombr
2379,conoc,pensamient
2380,conoc,corazon
2381,conoc,camin
2382,conoc,varon
2383,conoc,padr
2384,conoc,verd
2385,conoc,dios
2386,conoc,hombr
2387,conoc,tiemp
2388,conoc,tod
2389,conoc,jehov
2390,fiest,solemn
2391,fiest,tabernacul
2392,fiest,pan
2393,ciud,fortific
2394,ciud,eleg
2395,ciud,habit
2396,ciud,mor
2397,ciud,medi
2398,ciud,llam
2399,ciud,dic
2400,ciud,tom
2401,ciud,refugi
2402,ciud,habl
2403,ciud,dav
2404,ciud,dios
2405,ciud,hombr
2406,ciud,ciud
2407,ciud,llen
2408,ciud,man
2409,abund,tierr
2410,abund,tod
2411,rest,sangr
2412,rest,puebl
2413,inmund,noch
2414,inmund,caus
2415,inmund,limpi
2416,babiloni,tierr
2417,babiloni,tom
2418,ocasion,caer
2419,caeran,espad
2420,instrument,music
2421,purpur,carmes
2422,asol,ciudad
2423,asol,tierr
2424,¿es,licit
2425,ama,alma
2426,mor,chacal
2427,mor,tierr
2428,mor,justici
2429,mor,espad
2430,mor,cas
2431,mor,medi
2432,mor,alli
2433,mor,lug
2434,mor,jerusalen
2435,mor,hij
2436,alzad,man
2437,libr,rey
2438,libr,alma
2439,libr,vid
2440,libr,enemig
2441,libr,muert
2442,libr,escrit
2443,libr,ley
2444,libr,cronic
2445,libr,man
2446,libr,puebl
2447,libr,tod
2448,libr,jehov
2449,moises,respond
2450,moises,escrib
2451,moises,sacerdot
2452,moises,dij
2453,moises,delant
2454,moises,josu
2455,moises,hiz
2456,moises,mont
2457,moises,dic
2458,moises,varon
2459,moises,aaron
2460,moises,habl
2461,moises,sierv
2462,moises,tom
2463,moises,mand
2464,moises,hij
2465,moises,asi
2466,moises,tod
2467,moises,jehov
2468,alzar,ojos
2469,clam,jehov
2470,clam,dic
2471,clam,oh
2472,clam,gran
2473,clam,dios
2474,haras,asim
2475,haras,tod
2476,joas,hij
2477,joas,rey
2478,imagen,fund
2479,imagen,aser
2480,joab,hij
2481,echaron,suert
2482,echaron,man
2483,redim,jehov
2484,tesor,cas
2485,tesor,rey
2486,tesor,ciel
2487,olor,grat
2488,habl,mism
2489,habl,bien
2490,habl,vin
2491,habl,jesus
2492,habl,padr
2493,habl,contig
2494,habl,nombr
2495,habl,hij
2496,habl,rey
2497,habl,corazon
2498,habl,paz
2499,habl,medi
2500,habl,propi
2501,habl,aun
2502,habl,lengu
2503,habl,josu
2504,habl,aaron
2505,habl,sierv
2506,habl,hombr
2507,habl,mal
2508,habl,sin
2509,habl,tod
2510,habl,aqu
2511,habl,profet
2512,habl,conmig
2513,habl,oid
2514,habl,dav
2515,habl,verd
2516,habl,palabr
2517,habl,dios
2518,habl,moises
2519,habl,puebl
2520,habl,rect
2521,habl,cos
2522,habl,dij
2523,habl,cas
2524,habl,dic
2525,habl,mentir
2526,habl,boc
2527,habl,jehov
2528,oi,voz
2529,oh,doncell
2530,oh,amad
2531,oh,israel
2532,oh,rey
2533,oh,alma
2534,oh,jud
2535,oh,cas
2536,oh,señor
2537,oh,jacob
2538,oh,mont
2539,oh,hombr
2540,oh,dios
2541,oh,jerusalen
2542,oh,morador
2543,oh,hij
2544,oh,jehov
2545,og,rey
2546,moldur,plat
2547,rueg,oh
2548,rueg,pues
2549,rueg,des
2550,rueg,veng
2551,rueg,dej
2552,rueg,permit
2553,sembr,tierr
2554,tribu,zabulon
2555,tribu,benjamin
2556,tribu,simeon
2557,tribu,jud
2558,tribu,ruben
2559,tribu,aser
2560,tribu,dan
2561,tribu,isac
2562,tribu,neftal
2563,tribu,padr
2564,tribu,lev
2565,tribu,manases
2566,tribu,hij
2567,tribu,gad
2568,tribu,efrain
2569,jerusalen,rey
2570,jerusalen,jud
2571,jerusalen,cas
2572,jerusalen,dic
2573,jerusalen,tom
2574,jerusalen,hij
2575,jerusalen,fiest
2576,jerusalen,tod
2577,jerusalen,ciud
2578,atri,cas
2579,atri,interior
2580,atri,alrededor
2581,atri,exterior
2582,her,muert
2583,aren,mar
2584,hel,aqu
2585,hem,aqu
2586,hen,aqu
2587,jud,habit
2588,jud,jerem
2589,jud,volv
2590,jud,jerusalen
2591,jud,año
2592,jud,hij
2593,jud,tom
2594,jud,call
2595,jud,tod
2596,jud,benjamin
2597,jud,entreg
2598,jud,israel
2599,jud,vin
2600,jud,comenz
2601,jud,morador
2602,jud,iscariot
2603,jud,herman
2604,jud,dij
2605,jud,dic
2606,jud,hech
2607,jud,princip
2608,jud,rein
2609,jur,fals
2610,jur,dic
2611,jur,padr
2612,jur,dar
2613,jur,jehov
2614,pulg,man
2615,vanid,afliccion
2616,huerfan,viud
2617,general,ejercit
2618,magdalen,mar
2619,doncell,jerusalen
2620,¿dond,dios
2621,capitel,column
2622,lueg,rey
2623,lueg,dij
2624,lueg,vin
2625,lueg,pas
2626,lueg,levant
2627,lueg,dav
2628,lueg,volv
2629,lueg,lleg
2630,lueg,habl
2631,lueg,tom
2632,lueg,jehov
2633,profet,sacerdot
2634,profet,hage
2635,profet,dij
2636,profet,jerem
2637,profet,dic
2638,profet,natan
2639,profet,baal
2640,profet,isa
2641,profet,profetiz
2642,profet,puebl
2643,profet,jehov
2644,espiritus,inmund
2645,alce,ojos
2646,alce,man
2647,profec,jehov
2648,sepult,ciud
2649,sepult,padr
2650,sepult,sepulcr
2651,jeroboam,hij
2652,jeroboam,hiz
2653,repar,cas
2654,dist,padr
2655,abiu,eleaz
2656,ciudad,israel
2657,ciudad,tierr
2658,ciudad,jud
2659,ciudad,habit
2660,ciudad,refugi
2661,ciudad,ejid
2662,ciudad,levit
2663,ciudad,asol
2664,ciudad,alde
2665,ciudad,fortific
2666,ciudad,tod
2667,levadur,farise
2668,teñ,roj
2669,eliab,hij
2670,nort,sur
2671,nabuzaradan,capitan
2672,humill,delant
2673,aaron,sacerdot
2674,aaron,vestidur
2675,aaron,dij
2676,aaron,herman
2677,aaron,levit
2678,aaron,delant
2679,aaron,moises
2680,aaron,dic
2681,aaron,hij
2682,faz,camp
2683,faz,tod
2684,faz,tierr
2685,celebr,pascu
2686,celebr,fiest
2687,fals,profet
2688,fals,testimoni
2689,falt,entend
2690,falt,varon
2691,fam,tod
2692,cimient,cas
2693,¿o,sab
2694,¿o,quien
2695,sant,israel
2696,sant,ciud
2697,sant,sant
2698,sant,templ
2699,sant,mont
2700,sant,dios
2701,sant,hij
2702,sant,nombr
2703,sant,convoc
2704,sant,jehov
2705,alma,tod
2706,alma,jehov
2707,--,--
2708,--,segund
2709,--,epistol
2710,edifiqu,cas
2711,valient,dav
2712,valient,esforz
2713,acerc,dij
2714,acerc,dia
2715,acerc,jesus
2716,acerc,dios
2717,acerc,hij
2718,acerc,discipul
2719,pezuñ,hend
2720,efod,terafin
2721,tem,desmay
2722,tem,presenci
2723,tem,mied
2724,tem,delant
2725,tem,dios
2726,tem,nombr
2727,tem,puebl
2728,tem,jehov
2729,ten,misericordi
2730,sadrac,mesac
2731,andand,camin
2732,espin,card
2733,sub,mar
2734,sub,ciel
2735,sub,cas
2736,sub,pues
2737,sub,cumbr
2738,sub,jesus
2739,sub,jerusalen
2740,sub,mont
2741,sub,tierr
2742,sub,hij
2743,sub,dios
2744,sub,egipt
2745,sub,agu
2746,sub,puebl
2747,sub,jehov
2748,abi,hij
2749,sum,sacerdot
2750,sus,capital
2751,dias,juventud
2752,dias,rey
2753,dias,padr
2754,dias,vid
2755,dias,com
2756,dias,repos
2757,dias,cuarent
2758,dias,vin
2759,dias,pas
2760,dias,dic
2761,dias,despues
2762,dias,tierr
2763,dias,viv
2764,dias,mes
2765,dias,trabaj
2766,dias,años
2767,dias,dias
2768,sabran,jehov
2769,yern,rey
2770,simon,pedr
2771,tortol,dos
2772,llam,respond
2773,llam,jos
2774,llam,dij
2775,llam,dios
2776,llam,aquel
2777,llam,fueg
2778,llam,sierv
2779,llam,señor
2780,llam,jacob
2781,llam,jehov
2782,llam,moises
2783,llam,nombr
2784,llam,hij
2785,llam,ciud
2786,espaci,abiert
2787,llag,lepr
2788,¿de,dond
2789,¿de,quien
2790,posesion,tierr
2791,posesion,hered
2792,vid,muert
2793,vid,vid
2794,vid,perd
2795,vid,caus
2796,vid,hombr
2797,vid,asi
2798,vid,etern
2799,vid,com
2800,va,delant
2801,vin,ser
2802,vin,jerem
2803,vin,jesus
2804,vin,delant
2805,vin,jerusalen
2806,vin,hij
2807,vin,voz
2808,vin,discipul
2809,vin,rey
2810,vin,pues
2811,vin,varon
2812,vin,entonc
2813,vin,nuev
2814,vin,dias
2815,vin,muj
2816,vin,lueg
2817,vin,ancian
2818,vin,profet
2819,vin,jud
2820,vin,filiste
2821,vin,dav
2822,vin,aceit
2823,vin,palabr
2824,vin,dios
2825,vin,moises
2826,vin,herman
2827,vin,tierr
2828,vin,dij
2829,vin,beb
2830,vin,sidr
2831,vin,dic
2832,vin,cas
2833,vin,espiritu
2834,vin,ciud
2835,vio,rey
2836,vio,dios
2837,suced,despues
2838,viv,alma
2839,viv,siempr
2840,viv,sigl
2841,viv,dic
2842,viv,muert
2843,viv,treint
2844,viv,dios
2845,viv,aun
2846,viv,jehov
2847,famili,tierr
2848,famili,padr
2849,famili,cas
2850,famili,segun
2851,famili,tribu
2852,famili,levit
2853,famili,hij
2854,eunuc,rey
2855,acontec,pas
2856,acontec,pues
2857,acontec,aquel
2858,acontec,dia
2859,acontec,despues
2860,acontec,mientr
2861,acontec,aquell
2862,acontec,año
2863,acontec,dias
2864,rect,camin
2865,rect,delant
2866,rect,corazon
2867,rect,ojos
2868,furor,ira
2869,furor,jehov
2870,cornis,oro
2871,israel,respond
2872,israel,conform
2873,israel,extranjer
2874,israel,medi
2875,israel,habit
2876,israel,volv
2877,israel,vin
2878,israel,pas
2879,israel,sacerdot
2880,israel,jerusalen
2881,israel,josafat
2882,israel,padr
2883,israel,delant
2884,israel,reun
2885,israel,egipt
2886,israel,hij
2887,israel,hall
2888,israel,cuant
2889,israel,desiert
2890,israel,siempr
2891,israel,mur
2892,israel,dijeron
2893,israel,sal
2894,israel,aquel
2895,israel,puebl
2896,israel,hubier
2897,israel,envi
2898,israel,sierv
2899,israel,tom
2900,israel,ven
2901,israel,busc
2902,israel,apart
2903,israel,sin
2904,israel,tod
2905,israel,hered
2906,israel,dad
2907,israel,hac
2908,israel,estatut
2909,israel,mat
2910,israel,jud
2911,israel,lad
2912,israel,mor
2913,israel,hiz
2914,israel,cual
2915,israel,pos
2916,israel,habl
2917,israel,dios
2918,israel,jef
2919,israel,asi
2920,israel,samari
2921,israel,junt
2922,israel,acamp
2923,israel,dil
2924,israel,sub
2925,israel,llam
2926,israel,tierr
2927,israel,llev
2928,israel,dij
2929,israel,cas
2930,israel,isa
2931,israel,dias
2932,israel,cuarent
2933,israel,derrot
2934,israel,dic
2935,israel,hech
2936,israel,dich
2937,israel,princip
2938,israel,hic
2939,israel,mand
2940,israel,rey
2941,israel,man
2942,israel,pus
2943,israel,rein
2944,israel,jehov
2945,israel,tiemp
2946,israel,cad
2947,itam,hij
2948,dios,fortalez
2949,dios,cuid
2950,dios,dich
2951,dios,hac
2952,dios,juzg
2953,dios,alli
2954,dios,aun
2955,dios,destru
2956,dios,envi
2957,dios,isaac
2958,dios,hombr
2959,dios,perdon
2960,dios,dad
2961,dios,mund
2962,dios,mor
2963,dios,hiz
2964,dios,grand
2965,dios,da
2966,dios,dav
2967,dios,hic
2968,dios,verd
2969,dios,dar
2970,dios,jacob
2971,dios,libr
2972,dios,hij
2973,dios,apart
2974,dios,crist
2975,dios,sant
2976,dios,clam
2977,dios,dij
2978,dios,dia
2979,dios,nacion
2980,dios,dic
2981,dios,cre
2982,dios,viv
2983,dios,respond
2984,dios,conform
2985,dios,ejercit
2986,dios,padr
2987,dios,todopoder
2988,dios,contig
2989,dios,permanec
2990,dios,rey
2991,dios,corazon
2992,dios,pues
2993,dios,luz
2994,dios,medi
2995,dios,muert
2996,dios,bien
2997,dios,lug
2998,dios,ningun
2999,dios,conced
3000,dios,resucit
3001,dios,herman
3002,dios,job
3003,dios,habl
3004,dios,vivient
3005,dios,asi
3006,dios,pus
3007,dios,etern
3008,dios,llam
3009,dios,tierr
3010,dios,oh
3011,dios,conoc
3012,dios,hech
3013,dios,mont
3014,dios,escogier
3015,dios,mand
3016,dios,exalt
3017,dios,com
3018,dios,har
3019,dios,ciel
3020,dios,vin
3021,dios,sol
3022,dios,guard
3023,dios,volv
3024,dios,delant
3025,dios,señor
3026,dios,jerusalen
3027,dios,pod
3028,dios,quit
3029,dios,sirv
3030,dios,hebre
3031,dios,levant
3032,dios,junt
3033,dios,hubier
3034,dios,vay
3035,dios,music
3036,dios,puest
3037,dios,tom
3038,dios,tod
3039,dios,alab
3040,dios,alegr
3041,dios,ven
3042,dios,salvacion
3043,dios,dios
3044,dios,ador
3045,dios,confi
3046,dios,puebl
3047,dios,serv
3048,dios,salvador
3049,dios,promet
3050,dios,cas
3051,dios,testimoni
3052,dios,cant
3053,dios,extrañ
3054,dios,glori
3055,dios,saqu
3056,dios,buen
3057,dios,sub
3058,dios,sac
3059,dios,sab
3060,dios,glorific
3061,dios,israel
3062,dios,ofrec
3063,dios,sabidur
3064,dios,misericordi
3065,dios,paz
3066,dios,noe
3067,dios,oye
3068,dios,sin
3069,dios,entreg
3070,dios,siempr
3071,dios,oid
3072,dios,ajen
3073,dios,palabr
3074,dios,oir
3075,dios,omnipotent
3076,dios,orden
3077,dios,dio
3078,dios,salm
3079,dios,altisim
3080,dios,desech
3081,dios,espiritu
3082,dios,abraham
3083,dios,salv
3084,dios,jehov
3085,avecill,viv
3086,¿por,pues
3087,¿por,hac
3088,¿por,hech
3089,¿por,escond
3090,¿por,hic
3091,¿por,mor
3092,dej,ningun
3093,dej,pas
3094,dej,ser
3095,dej,ir
3096,dej,alli
3097,dej,tierr
3098,dej,entrar
3099,dej,libr
3100,dej,jehov
3101,mald,cas
3102,mald,obras
3103,mald,padr
3104,dec,asi
3105,dec,rey
3106,atend,voz
3107,abner,hij
3108,azul,purpur
3109,viñ,olivar
3110,sedequ,hij
3111,sedequ,rey
3112,pong,delant
3113,pong,enemig
3114,pong,man
3115,atent,oid
3116,divid,mism
3117,vientr,madr
3118,oyo,dec
3119,oyo,voz
3120,oyo,palabr
3121,oyo,jehov
3122,sierv,salomon
3123,sierv,saul
3124,sierv,padr
3125,sierv,señor
3126,sierv,moises
3127,sierv,rey
3128,sierv,faraon
3129,sierv,sierv
3130,sierv,cual
3131,sierv,har
3132,sierv,profet
3133,sierv,hiz
3134,sierv,job
3135,sierv,dios
3136,sierv,jacob
3137,sierv,libr
3138,sierv,hij
3139,sierv,puebl
3140,sierv,tierr
3141,sierv,dij
3142,sierv,dav
3143,sierv,dic
3144,sierv,hech
3145,sierv,princip
3146,sierv,cri
3147,sierv,jehov
3148,oye,oracion
3149,oye,voz
3150,oye,palabr
3151,oye,oh
3152,is-boset,hij
3153,plant,tiend
3154,plant,viñ
3155,plant,pie
3156,plant,pies
3157,pondran,man
3158,viend,pues
3159,fe,crist
3160,fe,amor
3161,fe,obras
3162,fe,salv
3163,vient,solan
3164,ofrezc,sacrifici
3165,fundacion,mund
3166,coat,merari
3167,caus,sangr
3168,caus,multitud
3169,caus,muert
3170,caus,delant
3171,caus,gran
3172,caus,hij
3173,caus,nombr
3174,caus,enemig
3175,caus,tod
3176,caus,pec
3177,afliccion,espiritu
3178,bendij,part
3179,bendij,jehov
3180,pens,hac
3181,baas,rey
3182,alli,pas
3183,alli,sepult
3184,alli,noch
3185,alli,altar
3186,alli,vin
3187,alli,llor
3188,alli,delant
3189,alli,mor
3190,alli,hombr
3191,alli,tres
3192,alli,nombr
3193,alli,junt
3194,alli,sent
3195,alli,muj
3196,cincuent,mil
3197,cincuent,laz
3198,cincuent,sicl
3199,cincuent,cod
3200,cincuent,cuatr
3201,cincuent,hombr
3202,cincuent,dos
3203,cincuent,años
3204,cincuent,cincuent
3205,cuart,revoc
3206,cuart,gener
3207,cuart,part
3208,cuart,año
3209,isaac,jacob
3210,isaac,hij
3211,isaac,padr
3212,isaac,dios
3213,bendit,jehov
3214,bendit,tod
3215,bendit,dios
3216,ungid,rey
3217,ungid,jehov
3218,cen,señor
3219,pag,vot
3220,pag,conform
3221,pag,tribut
3222,pan,ciel
3223,pan,beb
3224,pan,proposicion
3225,pan,viv
3226,pan,dios
3227,pan,levadur
3228,pan,dos
3229,pan,agu
3230,pan,com
3231,pan,hambrient
3232,oracion,sierv
3233,oracion,pid
3234,oracion,rueg
3235,fereze,heve
3236,postr,ador
3237,postr,tierr
3238,postr,delant
3239,postr,pies
3240,postr,rostr
3241,orient,lad
3242,orient,occident
3243,cachorr,leon
3244,benjamin,herman
3245,oid,rey
3246,oid,oig
3247,oid,oid
3248,oid,oir
3249,oid,oracion
3250,oid,voz
3251,oid,palabr
3252,oid,oye
3253,oid,dec
3254,oid,ahor
3255,oid,puebl
3256,oid,tod
3257,manch,blanc
3258,labi,habl
3259,labr,martill
3260,labr,tierr
3261,asa,rey
3262,ceñ,lom
3263,obra,ministeri
3264,obra,recam
3265,obra,cas
3266,obra,algun
3267,obra,hac
3268,obra,sierv
3269,obra,dios
3270,obra,primor
3271,obra,jehov
3272,obra,man
3273,asi,puebl
3274,asi,vin
3275,asi,quit
3276,asi,rey
3277,asi,corazon
3278,asi,mur
3279,asi,dich
3280,asi,pues
3281,asi,hac
3282,asi,hag
3283,asi,envi
3284,asi,sierv
3285,asi,ven
3286,asi,hombr
3287,asi,har
3288,asi,man
3289,asi,pec
3290,asi,diras
3291,asi,hiz
3292,asi,hic
3293,asi,hij
3294,asi,ahor
3295,asi,herman
3296,asi,apart
3297,asi,crist
3298,asi,dij
3299,asi,cas
3300,asi,dic
3301,asi,hech
3302,asi,haras
3303,asi,si
3304,asi,habl
3305,asi,mand
3306,asi,cumpl
3307,asi,dir
3308,asi,jehov
3309,acord,pact
3310,acord,dias
3311,pus,orden
3312,pus,rey
3313,pus,corazon
3314,pus,medi
3315,pus,pie
3316,pus,junt
3317,pus,fueg
3318,pus,delant
3319,pus,puert
3320,pus,dios
3321,pus,obra
3322,pus,nombr
3323,pus,carcel
3324,pus,pies
3325,pus,cabez
3326,pus,man
3327,bosqu,liban
3328,iniqu,padr
3329,iniqu,pec
3330,inciens,lugar
3331,inciens,aromat
3332,inciens,delant
3333,inciens,dios
3334,mism,med
3335,mism,cos
3336,mism,maner
3337,mism,mes
3338,mism,espiritu
3339,mism,noch
3340,mism,dios
3341,mism,dia
3342,mism,hor
3343,mism,palabr
3344,mism,lug
3345,mism,tiemp
3346,mism,sin
3347,mism,sent
3348,mism,mod
3349,dond,vas
3350,dond,vien
3351,joacaz,hij
3352,multiplic,descendent
3353,multiplic,gran
3354,moab,junt
3355,esau,hij
3356,esau,herman
3357,jef,millar
3358,jef,cas
3359,jef,guardi
3360,jef,famili
3361,jef,eunuc
3362,jef,centen
3363,jef,hij
3364,jef,puebl
3365,jef,coper
3366,aves,ciel
3367,ancian,cas
3368,ancian,israel
3369,ancian,gal
3370,ancian,puebl
3371,ancian,ciud
3372,enrej,bronc
3373,segun,orden
3374,segun,obras
3375,segun,volunt
3376,segun,costumbr
3377,segun,especi
3378,segun,cas
3379,segun,camin
3380,segun,gener
3381,segun,numer
3382,segun,carn
3383,segun,escrit
3384,segun,ley
3385,segun,obra
3386,segun,mand
3387,segun,derech
3388,graci,ojos
3389,graci,paz
3390,graci,señor
3391,graci,delant
3392,graci,dios
3393,¿qu,hech
3394,¿qu,quier
3395,¿qu,ves
3396,¿qu,pues
3397,¿qu,hac
3398,¿qu,dic
3399,¿qu,aprovech
3400,¿qu,signific
3401,¿qu,parec
3402,¿qu,dios
3403,¿qu,hombr
3404,¿qu,har
3405,¿qu,dir
3406,part,cay
3407,part,delanter
3408,part,dio
3409,part,rey
3410,part,pan
3411,part,dios
3412,part,efa
3413,part,hij
3414,part,jehov
3415,part,hin
3416,part,hered
3417,jordan,frent
3418,jordan,tierr
3419,jordan,orient
3420,consult,jehov
3421,consult,dios
3422,acamp,desiert
3423,acamp,junt
3424,acamp,alrededor
3425,reun,jerusalen
3426,reun,ancian
3427,reun,puebl
3428,reun,tod
3429,dand,voc
3430,bendicion,final
3431,bendicion,jehov
3432,gall,cant
3433,dedic,altar
3434,dedic,jehov
3435,juici,dios
3436,juici,justici
3437,juici,jehov
3438,lin,fin
3439,lin,torc
3440,veinticuatr,ancian
3441,veinticuatr,mil
3442,efa,flor
3443,efa,cad
3444,amad,herman
3445,hombrer,efod
3446,pregunt,si
3447,pregunt,dic
3448,aman,banquet
3449,provinci,babiloni
3450,provinci,rey
3451,plat,oro
3452,plat,cient
3453,plat,bronc
3454,plat,setent
3455,plat,plat
3456,compr,diner
3457,compr,aliment
3458,amas,hij
3459,amas,rey
3460,amas,aceit
3461,plac,rey
3462,plag,lepr
3463,mach,cabri
3464,mach,hembr
3465,acaci,cubr
3466,prend,fueg
3467,prend,jesus
3468,gaba,benjamin
3469,rebeld,mandat
3470,justici,fe
3471,justici,juici
3472,justici,puebl
3473,justici,dios
3474,qued,tierr
3475,qued,cas
3476,qued,sol
3477,qued,alli
3478,qued,remanent
3479,qued,morador
3480,qued,hij
3481,qued,ciud
3482,quem,cas
3483,quem,altar
3484,quem,fueg
3485,quem,inciens
3486,quem,jehov
3487,escond,rostr
3488,hir,mat
3489,hir,fil
3490,hir,filiste
3491,salum,hij
3492,hiz,salomon
3493,hiz,conform
3494,hiz,ciel
3495,hiz,sab
3496,hiz,volv
3497,hiz,¿no
3498,hiz,reverent
3499,hiz,asim
3500,hiz,pas
3501,hiz,sub
3502,hiz,pues
3503,hiz,banquet
3504,hiz,ven
3505,hiz,tod
3506,hiz,pec
3507,hiz,mor
3508,hiz,dav
3509,hiz,rey
3510,hiz,dios
3511,hiz,asi
3512,hiz,mal
3513,hiz,rect
3514,hiz,pact
3515,hiz,llam
3516,hiz,llev
3517,hiz,cas
3518,hiz,acerc
3519,hiz,dos
3520,hiz,jehov
3521,capital,rein
3522,hic,pact
3523,hic,conform
3524,hic,rey
3525,hic,sub
3526,hic,ciel
3527,hic,asi
3528,hic,sab
3529,hic,padr
3530,hic,abomin
3531,hic,ven
3532,hic,hij
3533,hic,mal
3534,hic,tod
3535,salut,final
3536,hin,aceit
3537,zorobabel,hij
3538,nacion,adond
3539,nacion,tierr
3540,nacion,grand
3541,nacion,nacion
3542,nacion,dic
3543,nacion,lengu
3544,nacion,delant
3545,nacion,alrededor
3546,nacion,cual
3547,nacion,rein
3548,nacion,jehov
3549,cre,dios
3550,johanan,hij
3551,cri,respond
3552,barr,coc
3553,sep,jehov
3554,berequ,hij
3555,seb,hij
3556,sem,hij
3557,sem,cam
3558,debaj,tierr
3559,debaj,ciel
3560,debaj,sol
3561,debaj,arbol
3562,debaj,encin
3563,debaj,alas
3564,debaj,tabl
3565,debaj,dos
3566,debaj,pies
3567,profetiz,mentir
3568,profetiz,nombr
3569,profetiz,di
3570,numer,conform
3571,numer,hij
3572,numer,años
3573,numer,dias
3574,farise,dijeron
3575,farise,hipocrit
3576,farise,saduce
3577,morador,jerusalen
3578,morador,pais
3579,morador,tierr
3580,ahor,aqu
3581,ahor,conozc
3582,ahor,siempr
3583,ahor,oh
3584,ahor,cas
3585,ahor,pues
3586,ahor,dios
3587,ahor,bien
3588,ahor,si
3589,ahor,palabr
3590,ahor,señor
3591,ahor,jehov
3592,ahor,hij
3593,ahor,mir
3594,ahor,camin
3595,ahor,puebl
3596,ahor,man
3597,abisai,hij
3598,abisai,herman
3599,camin,obras
3600,camin,mar
3601,camin,sub
3602,camin,vid
3603,camin,cas
3604,camin,derech
3605,camin,señor
3606,camin,vin
3607,camin,lleg
3608,camin,arab
3609,camin,desiert
3610,camin,guard
3611,camin,rey
3612,camin,delant
3613,camin,puert
3614,camin,dios
3615,camin,hombr
3616,camin,impi
3617,camin,andad
3618,camin,rect
3619,camin,jehov
3620,mandamient,orden
3621,mandamient,estatut
3622,mandamient,prescrib
3623,mandamient,rey
3624,mandamient,decret
3625,mandamient,dios
3626,mandamient,jehov
3627,ejid,ciudad
3628,andad,camin
3629,andad,delant
3630,provoc,ira
3631,provoc,cel
3632,territori,israel
3633,perpetu,gener
3634,dur,cerviz
3635,dur,servidumbr
3636,caleb,hij
3637,imag,aser
3638,imag,tall
3639,fund,tierr
3640,gal,basan
3641,gal,hij
3642,demand,señal
3643,mayordom,sebn
3644,mayordom,cas
3645,gad,hij
3646,gad,medi
3647,pact,concert
3648,pact,misericordi
3649,pact,perpetu
3650,pact,dios
3651,pact,contig
3652,pact,puebl
3653,pact,jehov
3654,mical,hij
3655,holocaust,sacrifici
3656,holocaust,altar
3657,holocaust,ofrend
3658,holocaust,continu
3659,holocaust,olor
3660,holocaust,mañan
3661,holocaust,expiacion
3662,holocaust,jehov
3663,parient,cercan
3664,eliasaf,hij
3665,voc,jubil
3666,voc,dic
3667,cruj,dient
3668,vot,jehov
3669,rio,egipt
3670,rio,queb
3671,rio,eufrat
3672,ahicam,hij
3673,voy,padr
3674,voz,llor
3675,voz,grit
3676,voz,dij
3677,voz,ciel
3678,voz,clam
3679,voz,dic
3680,voz,habl
3681,voz,palabr
3682,voz,dios
3683,voz,jehov
3684,voz,hij
3685,voz,dec
3686,voz,espos
3687,octav,dia
3688,grand,cos
3689,grand,pequeñ
3690,grand,voc
3691,grand,misericordi
3692,grand,multitud
3693,grand,señal
3694,grand,fuert
3695,grand,nombr
3696,grand,piedr
3697,grand,jehov
3698,ester,dij
3699,caer,espad
3700,lig,alma
3701,año,rey
3702,año,jubile
3703,año,septim
3704,año,holocaust
3705,año,defect
3706,año,tercer
3707,año,treint
3708,año,rein
3709,año,primer
3710,año,segund
3711,guerr,israel
3712,entro,cas
3713,entro,pues
3714,entro,jesus
3715,person,cort
3716,belen,jud
3717,jehov,fortalez
3718,jehov,just
3719,jehov,vendr
3720,jehov,consum
3721,jehov,har
3722,jehov,clam
3723,jehov,nombr
3724,jehov,hij
3725,jehov,delant
3726,jehov,dich
3727,jehov,hac
3728,jehov,redim
3729,jehov,echad
3730,jehov,hag
3731,jehov,destru
3732,jehov,envi
3733,jehov,ven
3734,jehov,busc
3735,jehov,perdon
3736,jehov,dad
3737,jehov,encend
3738,jehov,prosper
3739,jehov,mor
3740,jehov,hiz
3741,jehov,de
3742,jehov,da
3743,jehov,dav
3744,jehov,hic
3745,jehov,verd
3746,jehov,dar
3747,jehov,libr
3748,jehov,moises
3749,jehov,apart
3750,jehov,sant
3751,jehov,dio
3752,jehov,dij
3753,jehov,vien
3754,jehov,tra
3755,jehov,enoj
3756,jehov,dia
3757,jehov,dic
3758,jehov,acerc
3759,jehov,gran
3760,jehov,sirv
3761,jehov,rein
3762,jehov,tiemp
3763,jehov,sacrific
3764,jehov,respond
3765,jehov,conform
3766,jehov,habit
3767,jehov,holocaust
3768,jehov,aquell
3769,jehov,padr
3770,jehov,fuert
3771,jehov,aparec
3772,jehov,contig
3773,jehov,permanec
3774,jehov,sacerdot
3775,jehov,corazon
3776,jehov,confirm
3777,jehov,pues
3778,jehov,luz
3779,jehov,medi
3780,jehov,juzg
3781,jehov,lug
3782,jehov,dias
3783,jehov,hicier
3784,jehov,pec
3785,jehov,tesor
3786,jehov,anduv
3787,jehov,mostr
3788,jehov,habl
3789,jehov,asi
3790,jehov,pus
3791,jehov,satanas
3792,jehov,tierr
3793,jehov,oh
3794,jehov,redentor
3795,jehov,hech
3796,jehov,mont
3797,jehov,escogier
3798,jehov,mand
3799,jehov,cos
3800,jehov,cumpl
3801,jehov,isa
3802,jehov,angusti
3803,jehov,castig
3804,jehov,ciel
3805,jehov,camin
3806,jehov,vin
3807,jehov,guard
3808,jehov,volv
3809,jehov,viv
3810,jehov,cuy
3811,jehov,señor
3812,jehov,jerusalen
3813,jehov,siet
3814,jehov,quit
3815,jehov,her
3816,jehov,bendec
3817,jehov,ejercit
3818,jehov,ofrend
3819,jehov,levant
3820,jehov,mal
3821,jehov,santif
3822,jehov,puest
3823,jehov,tom
3824,jehov,tod
3825,jehov,israel
3826,jehov,jud
3827,jehov,altar
3828,jehov,llam
3829,jehov,segun
3830,jehov,jur
3831,jehov,dign
3832,jehov,escuch
3833,jehov,confi
3834,jehov,puebl
3835,jehov,salm
3836,jehov,serv
3837,jehov,hombr
3838,jehov,cas
3839,jehov,cant
3840,jehov,aunqu
3841,jehov,puert
3842,jehov,glori
3843,jehov,invoc
3844,jehov,escog
3845,jehov,buen
3846,jehov,sal
3847,jehov,sac
3848,jehov,sion
3849,jehov,jerem
3850,jehov,hir
3851,jehov,ofrec
3852,jehov,juici
3853,jehov,voz
3854,jehov,pas
3855,jehov,misericordi
3856,jehov,esper
3857,jehov,aquel
3858,jehov,oyo
3859,jehov,varon
3860,jehov,sierv
3861,jehov,cual
3862,jehov,mir
3863,jehov,sin
3864,jehov,entreg
3865,jehov,dios
3866,jehov,profet
3867,jehov,siempr
3868,jehov,oid
3869,jehov,rey
3870,jehov,palabr
3871,jehov,aborrec
3872,jehov,junt
3873,jehov,man
3874,jehov,llev
3875,jehov,quebrant
3876,jehov,caus
3877,jehov,si
3878,jehov,conoc
3879,jehov,dos
3880,jehov,jehov
3881,jehov,llen
3882,jehov,salv
3883,jehov,ciud
3884,altur,cinc
3885,uzi,hij
3886,mandat,jehov
3887,¡quien,dier
3888,cuy,tierr
3889,cuy,corazon
3890,cuy,presenci
3891,cuy,ojos
3892,cuy,hij
3893,cuy,nombr
3894,hues,carn
3895,treint,seis
3896,treint,mil
3897,treint,cinc
3898,treint,siet
3899,treint,ocho
3900,treint,sicl
3901,treint,cod
3902,treint,dos
3903,treint,tres
3904,treint,años
3905,hombr,pervers
3906,hombr,tem
3907,hombr,just
3908,hombr,habit
3909,hombr,ciud
3910,hombr,señor
3911,hombr,vin
3912,hombr,muj
3913,hombr,profetiz
3914,hombr,armad
3915,hombr,valient
3916,hombr,padr
3917,hombr,viv
3918,hombr,asi
3919,hombr,fuert
3920,hombr,ric
3921,hombr,pie
3922,hombr,besti
3923,hombr,sub
3924,hombr,entend
3925,hombr,hac
3926,hombr,dej
3927,hombr,levant
3928,hombr,hall
3929,hombr,sac
3930,hombr,bien
3931,hombr,sal
3932,hombr,animal
3933,hombr,cual
3934,hombr,ven
3935,hombr,hombr
3936,hombr,mal
3937,hombr,honr
3938,hombr,sin
3939,hombr,pued
3940,hombr,pec
3941,hombr,entreg
3942,hombr,israel
3943,hombr,mujer
3944,hombr,jud
3945,hombr,di
3946,hombr,mont
3947,hombr,tom
3948,hombr,pecador
3949,hombr,habl
3950,hombr,sanguinari
3951,hombr,dios
3952,hombr,hij
3953,hombr,puebl
3954,hombr,man
3955,hombr,guerr
3956,hombr,pon
3957,hombr,llam
3958,hombr,tierr
3959,hombr,llev
3960,hombr,dij
3961,hombr,cas
3962,hombr,escog
3963,hombr,algun
3964,hombr,busc
3965,hombr,si
3966,hombr,sabi
3967,hombr,tod
3968,hombr,espiritu
3969,hombr,impi
3970,hombr,com
3971,hombr,cad
3972,desnudez,padr
3973,desnudez,herman
3974,mujer,hij
3975,mujer,niñ
3976,mujer,extranjer
3977,mujer,concubin
3978,descubr,desnudez
3979,pondr,rostr
3980,pondr,delant
3981,pondr,espiritu
3982,pondr,man
3983,tiniebl,luz
3984,tiniebl,sombr
3985,fluj,sangr
3986,princip,israel
3987,princip,rey
3988,princip,jud
3989,princip,ejercit
3990,princip,cas
3991,princip,tribus
3992,princip,provinci
3993,princip,congreg
3994,princip,puebl
3995,princip,sacerdot
3996,princip,hij
3997,princip,filiste
3998,princip,junt
3999,herenci,hij
4000,delant,rey
4001,delant,tron
4002,delant,angel
4003,delant,camin
4004,delant,presenci
4005,delant,padr
4006,delant,señor
4007,delant,tabernacul
4008,delant,hij
4009,delant,sacerdot
4010,delant,faraon
4011,delant,herman
4012,delant,ojos
4013,delant,enemig
4014,delant,tod
4015,delant,israel
4016,delant,rostr
4017,delant,altar
4018,delant,filiste
4019,delant,pas
4020,delant,arca
4021,delant,dios
4022,delant,moises
4023,delant,puebl
4024,delant,hombr
4025,delant,dij
4026,delant,cas
4027,delant,congreg
4028,delant,dic
4029,delant,puert
4030,delant,saul
4031,delant,com
4032,delant,jehov
4033,aquell,noch
4034,aquell,tierr
4035,aquell,person
4036,aquell,cas
4037,aquell,region
4038,aquell,cos
4039,aquell,nacion
4040,aquell,varon
4041,aquell,ciudad
4042,aquell,hor
4043,aquell,hombr
4044,aquell,mism
4045,aquell,muj
4046,aquell,tiemp
4047,aquell,dias
4048,aquell,ciud
4049,palm,menor
4050,palm,man
4051,esparc,sangr
4052,esparc,tierr
4053,esparc,nacion
4054,esparc,vient
4055,adivin,mentir
4056,medi,campament
4057,medi,israel
4058,medi,mar
4059,medi,profet
4060,medi,vall
4061,medi,cas
4062,medi,quebrant
4063,medi,congreg
4064,medi,puebl
4065,medi,muert
4066,medi,tribu
4067,medi,fueg
4068,medi,jordan
4069,medi,fe
4070,medi,hij
4071,medi,tierr
4072,medi,moises
4073,medi,anchur
4074,pes,jarr
4075,pes,plat
4076,pel,cabr
4077,pel,israel
4078,larg,tiemp
4079,pek,hij
4080,ojos,israel
4081,ojos,mir
4082,ojos,ver
4083,ojos,vist
4084,ojos,ciel
4085,ojos,vieron
4086,ojos,cieg
4087,ojos,vio
4088,ojos,rey
4089,ojos,veran
4090,ojos,ven
4091,ojos,abiert
4092,ojos,puebl
4093,ojos,jehov
4094,anchur,cod
4095,consagr,aaron
4096,consagr,jehov
4097,rug,leon
4098,tocar,inmund
4099,ajen,serv
4100,elifaz,temanit
4101,bendec,cas
4102,bendec,nombr
4103,bendec,jehov
4104,hasab,hij
4105,sesent,seis
4106,sesent,dos
4107,sesent,cod
4108,podras,com
4109,lengu,habl
4110,pared,cas
4111,parec,bien
4112,pabl,bernab
4113,pabl,apostol
4114,pabl,dij
4115,pabl,sil
4116,poder,braz
4117,poder,tierr
4118,poder,dios
4119,aqu,hij
4120,aqu,castig
4121,aqu,puebl
4122,aqu,sal
4123,aqu,noch
4124,aqu,vin
4125,aqu,veng
4126,aqu,delant
4127,aqu,alli
4128,aqu,señor
4129,aqu,pong
4130,aqu,hag
4131,aqu,voy
4132,aqu,eli
4133,aqu,sub
4134,aqu,levant
4135,aqu,aun
4136,aqu,varon
4137,aqu,envi
4138,aqu,sierv
4139,aqu,puest
4140,aqu,hombr
4141,aqu,har
4142,aqu,tod
4143,aqu,muj
4144,aqu,dad
4145,aqu,entreg
4146,aqu,profet
4147,aqu,escrit
4148,aqu,oid
4149,aqu,rey
4150,aqu,dios
4151,aqu,traig
4152,aqu,ahor
4153,aqu,junt
4154,aqu,present
4155,aqu,man
4156,aqu,vien
4157,aqu,oh
4158,aqu,cas
4159,aqu,dia
4160,aqu,dic
4161,aqu,adel
4162,aqu,dos
4163,aqu,tres
4164,aqu,hoy
4165,aqu,jehov
4166,pastor,ovej
4167,joram,hij
4168,cir,rey
4169,doc,mil
4170,doc,buey
4171,doc,tribus
4172,doc,años
4173,doc,piedr
4174,doc,discipul
4175,impi,perec
4176,impi,hac
4177,cuatrocient,hombr
4178,cuatrocient,treint
4179,cuatrocient,cincuent
4180,millar,centen
4181,millar,israel
4182,tabernacul,jehov
4183,tabernacul,tabernacul
4184,tabernacul,testimoni
4185,tabernacul,reunion
4186,nac,cas
4187,nac,hij
4188,nac,muj
4189,nac,sol
4190,nac,dios
4191,parabol,dij
4192,parabol,dic
4193,invalid,pact
4194,tard,mañan
4195,setent,mil
4196,setent,sicl
4197,setent,cinc
4198,setent,varon
4199,setent,dos
4200,setent,años
4201,doy,graci
4202,doy,testimoni
4203,nav,tarsis
4204,temor,jehov
4205,temor,dios
4206,heve,jebuse
4207,riñon,grosur
4208,longitud,dos
4209,nacimient,sol
4210,apostol,jesucrist
4211,apostol,ancian
4212,apostol,san
4213,huert,eden
4214,doscient,cuarent
4215,doscient,cincuent
4216,elcan,hij
4217,agu,mar
4218,agu,poz
4219,agu,viv
4220,agu,beb
4221,agu,corrient
4222,agu,rio
4223,agu,tierr
4224,agu,cubr
4225,agu,inmund
4226,agu,jordan
4227,agu,purif
4228,agu,lav
4229,lanz,man
4230,grosur,cubr
4231,grosur,sacrifici
4232,grosur,hig
4233,prim,año
4234,prim,dia
4235,traig,mal
4236,nunc,tal
4237,nunc,llam
4238,nunc,volv
4239,nunc,jamas
4240,nunc,conoc
4241,cerete,pelete
4242,procur,mat
4243,pascu,jehov
4244,sent,tron
4245,sent,diestr
4246,sent,alli
4247,sent,delant
4248,sent,puert
4249,sent,mes
4250,sent,junt
4251,maas,hij
4252,maac,hij
4253,hamor,padr
4254,tra,tierr
4255,tra,cas
4256,tra,ofrend
4257,tra,arca
4258,tra,mal
4259,tra,tod
4260,tra,jehov
4261,joel,hij
4262,inclin,rostr
4263,inclin,corazon
4264,inclin,oid
4265,inclin,tierr
4266,inclin,haci
4267,inclin,ador
4268,recib,correccion
4269,recib,vist
4270,recib,testimoni
4271,recib,espiritu
4272,recib,envi
4273,recib,recib
4274,recib,palabr
4275,recib,señor
4276,recib,rein
4277,recib,man
4278,iba,delant
4279,iba,tras
4280,trajeron,rey
4281,cualqu,cos
4282,cualqu,tocar
4283,ocho,años
4284,ocho,dias
4285,extiend,man
4286,reunion,altar
4287,reunion,delant
4288,elise,hij
4289,elise,dij
4290,hierr,bronc
4291,profan,sant
4292,profan,santuari
4293,¿has,vist
4294,maravill,hech
4295,capitan,carr
4296,capitan,guardi
4297,capitan,cincuent
4298,capitan,ejercit
4299,hierb,camp
4300,hierb,verd
4301,hierb,tierr
4302,vigili,noch
4303,bautism,juan
4304,ley,profet
4305,ley,mandamient
4306,ley,dios
4307,ley,libr
4308,ley,moises
4309,ley,pec
4310,ley,sin
4311,ley,jehov
4312,talent,oro
4313,talent,plat
4314,cerc,hor
4315,sangr,derram
4316,sangr,sacrifici
4317,sangr,altar
4318,sangr,pie
4319,sangr,becerr
4320,sangr,roci
4321,sangr,inocent
4322,sangr,cabez
4323,gent,guerr
4324,gent,caball
4325,oficial,dij
4326,cerr,puert
4327,revoc,castig
4328,ahimelec,hij
4329,siri,damasc
4330,volv,espald
4331,volv,camin
4332,volv,jerusalen
4333,volv,cautiv
4334,volv,rey
4335,volv,pues
4336,volv,hac
4337,volv,envi
4338,volv,lug
4339,volv,atras
4340,volv,lueg
4341,volv,rostr
4342,volv,tom
4343,volv,habl
4344,volv,hij
4345,volv,puebl
4346,volv,tierr
4347,volv,dij
4348,volv,cas
4349,volv,tra
4350,volv,dec
4351,volv,jehov
4352,sirv,baal
4353,sirv,dios
4354,sepulcr,padr
4355,vengador,sangr
4356,olvid,dios
4357,levant,lueg
4358,levant,medi
4359,levant,pues
4360,levant,lug
4361,levant,ojos
4362,levant,alli
4363,levant,muert
4364,levant,dav
4365,levant,tierr
4366,levant,rey
4367,levant,mañan
4368,levant,endech
4369,levant,jacob
4370,levant,hombr
4371,levant,bander
4372,levant,man
4373,levant,hij
4374,levant,cabez
4375,levant,puert
4376,alrededor,jerusalen
4377,alrededor,altar
4378,ministeri,cas
4379,ministeri,tabernacul
4380,limpiez,man
4381,projim,mism
4382,expiacion,pec
4383,expiacion,culp
4384,expiacion,holocaust
4385,expiacion,ademas
4386,confi,jehov
4387,novent,nuev
4388,alhaj,oro
4389,sabr,jehov
4390,testimoni,acerc
4391,testimoni,verdader
4392,testimoni,estatut
4393,sabi,babiloni
4394,sabi,entend
4395,sabi,propi
4396,sabi,corazon
4397,mesac,abed-neg
4398,quebr,estatu
4399,tal,cos
4400,tal,profet
4401,tal,vez
4402,tal,hag
4403,tal,person
4404,tal,hombr
4405,tal,maner
4406,tan,grand
4407,tan,gran
4408,tan,pront
4409,tan,sol
4410,jehu,hij
4411,esper,jehov
4412,esper,dios
4413,cuan,grand
4414,animal,tierr
4415,animal,arrastr
4416,animal,limpi
4417,cual,pas
4418,cual,cont
4419,cual,mat
4420,cual,dij
4421,cual,vin
4422,cual,envi
4423,cual,mand
4424,cual,jehov
4425,cual,pus
4426,sin,mism
4427,sin,sol
4428,sin,dij
4429,sin,ciert
4430,sin,muj
4431,sin,espiritu
4432,sin,aquel
4433,sin,segun
4434,sin,propi
4435,sin,padr
4436,sin,dios
4437,sin,lug
4438,sin,hombr
4439,sin,hij
4440,sin,jehov
4441,sin,com
4442,sin,mal
4443,sin,tod
4444,sin,cad
4445,entreg,muert
4446,entreg,man
4447,entreg,delant
4448,entreg,enemig
4449,entreg,ciud
4450,llev,cautiv
4451,llev,babiloni
4452,llev,rey
4453,llev,cautiveri
4454,llev,cas
4455,llev,iniqu
4456,llev,frut
4457,llev,tierr
4458,llev,arca
4459,llev,espiritu
4460,llev,jerusalen
4461,llev,hombr
4462,llev,consig
4463,llev,pec
4464,llev,man
4465,cuarent,mil
4466,cuarent,noch
4467,cuarent,cinc
4468,cuarent,dos
4469,cuarent,años
4470,cuarent,dias
4471,lleg,cerc
4472,lleg,alla
4473,lleg,ciel
4474,lleg,cas
4475,lleg,pues
4476,lleg,noch
4477,lleg,hor
4478,lleg,puert
4479,lleg,lug
4480,lleg,jerusalen
4481,lleg,tiemp
4482,lleg,ser
4483,llen,tierr
4484,llen,cas
4485,llen,flor
4486,llen,espiritu
4487,llen,ira
4488,llen,agu
4489,llen,inciens
4490,llen,tod
4491,gobern,lad
4492,gobern,puebl
4493,gobern,ciud
4494,hij,zer
4495,hij,elam
4496,hij,menor
4497,hij,niet
4498,hij,efrain
4499,hij,eli
4500,hij,bicri
4501,hij,ahitob
4502,hij,ela
4503,hij,aaron
4504,hij,fueg
4505,hij,ada
4506,hij,josadac
4507,hij,hombr
4508,hij,fin
4509,hij,dad
4510,hij,primogenit
4511,hij,imer
4512,hij,mujer
4513,hij,sadoc
4514,hij,far
4515,hij,noe
4516,hij,recab
4517,hij,maas
4518,hij,dav
4519,hij,jacob
4520,hij,hij
4521,hij,bani
4522,hij,maac
4523,hij,barzilai
4524,hij,dio
4525,hij,amon
4526,hij,dij
4527,hij,aminadab
4528,hij,harim
4529,hij,dic
4530,hij,amoz
4531,hij,anac
4532,hij,maqu
4533,hij,rein
4534,hij,saul
4535,hij,salomon
4536,hij,joas
4537,hij,acab
4538,hij,lea
4539,hij,pasur
4540,hij,nun
4541,hij,padr
4542,hij,berequ
4543,hij,amiud
4544,hij,sion
4545,hij,sarvi
4546,hij,contig
4547,hij,omri
4548,hij,cautiv
4549,hij,sacerdot
4550,hij,ruben
4551,hij,mayor
4552,hij,muert
4553,hij,jerobaal
4554,hij,sefat
4555,hij,hilc
4556,hij,ner
4557,hij,muj
4558,hij,benjamin
4559,hij,zabulon
4560,hij,jos
4561,hij,uziel
4562,hij,hinom
4563,hij,gerson
4564,hij,lev
4565,hij,manases
4566,hij,joi
4567,hij,simei
4568,hij,pus
4569,hij,llam
4570,hij,cor
4571,hij,asaf
4572,hij,hech
4573,hij,zelofeh
4574,hij,netan
4575,hij,joacim
4576,hij,isa
4577,hij,com
4578,hij,rey
4579,hij,jonatan
4580,hij,uzi
4581,hij,unic
4582,hij,zac
4583,hij,viv
4584,hij,señor
4585,hij,jerusalen
4586,hij,het
4587,hij,faraon
4588,hij,joacaz
4589,hij,nabat
4590,hij,esau
4591,hij,tom
4592,hij,josafat
4593,hij,care
4594,hij,tod
4595,hij,iddo
4596,hij,israel
4597,hij,jud
4598,hij,zipor
4599,hij,isac
4600,hij,segun
4601,hij,neftal
4602,hij,isaac
4603,hij,tierr
4604,hij,hur
4605,hij,dios
4606,hij,gad
4607,hij,puebl
4608,hij,eleaz
4609,hij,cas
4610,hij,despues
4611,hij,cis
4612,hij,sabi
4613,hij,madr
4614,hij,merari
4615,hij,este
4616,hij,zebede
4617,hij,dan
4618,hij,ana
4619,hij,sal
4620,hij,ofrec
4621,hij,salum
4622,hij,jesu
4623,hij,ahicam
4624,hij,sem
4625,hij,nac
4626,hij,mic
4627,hij,varon
4628,hij,sierv
4629,hij,cual
4630,hij,salatiel
4631,hij,beor
4632,hij,sin
4633,hij,amad
4634,hij,profet
4635,hij,siempr
4636,hij,jeroham
4637,hij,aser
4638,hij,safan
4639,hij,mesulam
4640,hij,simeon
4641,hij,herman
4642,hij,remal
4643,hij,gan
4644,hij,jedutun
4645,hij,coat
4646,hij,uri
4647,hij,si
4648,hij,jefon
4649,hij,elcan
4650,hij,ismael
4651,hij,abraham
4652,perfect,camin
4653,lech,miel
4654,tembl,tierr
4655,dad,orden
4656,dad,tierr
4657,dad,repos
4658,dad,paz
4659,dad,muert
4660,dad,graci
4661,dad,avis
4662,dad,palabr
4663,dad,conoc
4664,dad,hij
4665,dad,jehov
4666,dad,luz
4667,dad,hered
4668,nadi,pod
4669,nadi,engañ
4670,nadi,sin
4671,nadi,pued
4672,tribus,hij
4673,tribus,medi
4674,tribus,israel
4675,dan,beerseb
4676,dan,testimoni
4677,tribut,jehov
4678,dat,pris
4679,dav,respond
4680,dav,salomon
4681,dav,ten
4682,dav,vin
4683,dav,hebron
4684,dav,volv
4685,dav,desiert
4686,dav,sub
4687,dav,pues
4688,dav,levant
4689,dav,envi
4690,dav,sierv
4691,dav,tom
4692,dav,hombr
4693,dav,tod
4694,dav,israel
4695,dav,hiz
4696,dav,rey
4697,dav,hij
4698,dav,puebl
4699,dav,dij
4700,dav,cas
4701,dav,derrot
4702,dav,dic
4703,dav,princip
4704,dav,padr
4705,dav,rein
4706,dav,jehov
4707,dav,saul
4708,dar,vid
4709,dar,voc
4710,dar,viñ
4711,dar,sacerdot
4712,dar,corazon
4713,dar,paz
4714,dar,frut
4715,dar,muert
4716,dar,pag
4717,dar,hered
4718,dar,conoc
4719,dar,graci
4720,dar,hij
4721,dar,descendent
4722,dar,tierr
4723,dar,testimoni
4724,dar,beb
4725,dar,padr
4726,dar,herenci
4727,dar,com
4728,dar,luz
4729,dar,jehov
4730,cuern,altar
4731,cuern,carner
4732,alcanz,misericordi
4733,raquel,hij
4734,venganz,jehov
4735,traj,cas
4736,diras,pues
4737,diras,hij
4738,tras,dios
4739,sion,isa
4740,sehon,rey
4741,sient,tron
4742,rey,salomon
4743,rey,respond
4744,rey,medi
4745,rey,asiri
4746,rey,agrip
4747,rey,siri
4748,rey,vin
4749,rey,ezequ
4750,rey,hebron
4751,rey,jerusalen
4752,rey,sob
4753,rey,dari
4754,rey,nabucodonosor
4755,rey,señor
4756,rey,egipt
4757,rey,sedequ
4758,rey,acaz
4759,rey,rey
4760,rey,sacerdot
4761,rey,nort
4762,rey,dich
4763,rey,sal
4764,rey,moab
4765,rey,levant
4766,rey,envi
4767,rey,sierv
4768,rey,sur
4769,rey,lug
4770,rey,pus
4771,rey,basan
4772,rey,tir
4773,rey,tod
4774,rey,babiloni
4775,rey,hac
4776,rey,israel
4777,rey,edom
4778,rey,jud
4779,rey,madian
4780,rey,asuer
4781,rey,hiz
4782,rey,aman
4783,rey,cir
4784,rey,dav
4785,rey,hic
4786,rey,artajerj
4787,rey,hij
4788,rey,roboam
4789,rey,puebl
4790,rey,sodom
4791,rey,judi
4792,rey,tierr
4793,rey,dij
4794,rey,hesbon
4795,rey,cas
4796,rey,amorre
4797,rey,asa
4798,rey,dic
4799,rey,persi
4800,rey,dijeron
4801,rey,princip
4802,rey,habl
4803,rey,mand
4804,rey,sent
4805,rey,glori
4806,rey,rein
4807,rey,jos
4808,rey,jehov
4809,juzg,israel
4810,juzg,tierr
4811,juzg,mund
4812,juzg,cos
4813,juzg,segun
4814,juzg,caus
4815,juzg,dios
4816,juzg,puebl
4817,hambr,sed
4818,hambr,tierr
4819,hambr,tod
4820,hambr,pestilent
4821,mostr,interpret
4822,mostr,jehov
4823,¿cuant,men
4824,templ,jerusalen
4825,templ,jehov
4826,templ,baal
4827,templ,dios
4828,maqu,hij
4829,vestidur,hij
4830,vestidur,blanc
4831,etern,siempr
4832,conozc,obras
4833,conozc,jehov
4834,lod,call
4835,tiemp,pas
4836,tiemp,castig
4837,tiemp,tiemp
4838,tiemp,vin
4839,tiemp,dic
4840,tiemp,señal
4841,tiemp,antigu
4842,tiemp,afliccion
4843,tiemp,hij
4844,tiemp,sieg
4845,tiemp,har
4846,tiemp,angusti
4847,sebn,escrib
4848,frent,jeric
4849,trabaj,sierv
4850,trabaj,van
4851,trabaj,man
4852,sustent,pan
4853,vendran,dias
4854,cuent,hij
4855,cuent,nombr
4856,saci,alma
4857,saci,pan
4858,echo,demoni
4859,bautiz,agu
4860,bautiz,nombr
4861,bautiz,espiritu
4862,resplandec,rostr
4863,ser,llam
4864,ser,bautiz
4865,ser,grand
4866,ser,manifest
4867,ser,muert
4868,ser,juzg
4869,ser,vivient
4870,ser,cabez
4871,ser,dios
4872,ser,sierv
4873,ser,hij
4874,ser,salv
4875,cuant,cos
4876,cuant,pas
4877,cuant,dij
4878,cuant,hech
4879,cuant,dej
4880,cuant,vec
4881,cuant,obedec
4882,cuant,dios
4883,cuant,hij
4884,cuant,jehov
4885,acepcion,person
4886,manzan,debaj
4887,manzan,flor
4888,cuand,oh
4889,termin,tierr
4890,descendient,gigant
4891,escuch,palabr
4892,escuch,voz
4893,escuch,oh
4894,orill,mar
4895,orill,mant
4896,orill,cortin
4897,ben,hij
4898,beb,sangr
4899,beb,agu
4900,beb,vin
4901,enseñ,camin
4902,enseñ,hij
4903,enseñ,hac
4904,enseñ,puebl
4905,enseñ,sinagog
4906,sec,agu
4907,saqu,tierr
4908,torrent,cedron
4909,jonatan,hij
4910,jonatan,dij
4911,sabidur,salomon
4912,sabidur,inteligent
4913,sabidur,dios
4914,sabidur,cienci
4915,egipt,tierr
4916,egipt,faraon
4917,egipt,cas
4918,egipt,mor
4919,egipt,puebl
4920,egipt,tod
4921,egipt,man
4922,absalon,hij
4923,mil,setecient
4924,mil,sell
4925,mil,cuatrocient
4926,mil,talent
4927,mil,cien
4928,mil,trescient
4929,mil,cañ
4930,mil,seiscient
4931,mil,ovej
4932,mil,quinient
4933,mil,doscient
4934,mil,hombr
4935,mil,años
4936,mil,dracm
4937,mil,cod
4938,dijeron,discipul
4939,mic,hij
4940,cumbr,mont
4941,mir,aqu
4942,mir,ventan
4943,mir,tierr
4944,mir,afliccion
4945,mir,alrededor
4946,mir,dij
4947,mir,oh
4948,mir,cos
4949,mir,pues
4950,mir,ciel
4951,mir,vio
4952,mir,si
4953,mir,haci
4954,mir,hombr
4955,mir,ojos
4956,mir,ahor
4957,mir,jehov
4958,divers,color
4959,lugar,adond
4960,lugar,altos
4961,aparec,jehov
4962,riquez,glori
4963,vist,ojos
4964,vist,hombr
4965,vist,tod
4966,vist,jehov
4967,multitud,puebl
4968,multitud,dij
4969,altos,quit
4970,herman,amad
4971,herman,jos
4972,herman,cas
4973,herman,doc
4974,herman,dic
4975,herman,si
4976,herman,hag
4977,herman,muert
4978,herman,menor
4979,herman,padr
4980,herman,madr
4981,herman,joab
4982,herman,jacob
4983,herman,hombr
4984,herman,hij
4985,herman,levit
4986,herman,herman
4987,herman,tod
4988,fier,camp
4989,uri,hete
4990,uri,hij
4991,hazael,rey
4992,apacent,ovej
4993,principal,sacerdot
4994,principal,herman
4995,principal,sinagog
4996,rasg,vest
4997,fuer,muert
4998,fuer,hall
4999,prolong,dias
5000,envi,angel
5001,envi,joab
5002,envi,padr
5003,envi,delant
5004,envi,rey
5005,envi,pues
5006,envi,sierv
5007,envi,hombr
5008,envi,profet
5009,envi,embaj
5010,envi,mensajer
5011,envi,cart
5012,envi,dav
5013,envi,palabr
5014,envi,dios
5015,envi,hij
5016,envi,man
5017,envi,llam
5018,envi,dic
5019,envi,dos
5020,envi,dec
5021,envi,jehov
5022,fueg,encend
5023,fueg,azufr
5024,fueg,ardiend
5025,fueg,ciel
5026,fueg,consum
5027,fueg,quem
5028,fueg,consumidor
5029,encant,adivin
5030,echar,tierr
5031,echar,delant
5032,perdon,iniqu
5033,perdon,mald
5034,perdon,pec
5035,jab,gal
5036,encend,furor
5037,encend,olor
5038,encend,fueg
5039,encend,ira
5040,encend,jehov
5041,hete,amorre
5042,hete,fereze
5043,cuerp,muert
5044,cuerp,crist
5045,cuerp,agu
5046,cuerp,jesus
5047,cuerp,ejercit
5048,becerr,dos
5049,becerr,carner
5050,becerr,expiacion
5051,becerr,vac
5052,aceit,hojaldr
5053,aceit,ofrend
5054,aceit,alumbr
5055,aceit,uncion
5056,aceit,man
5057,vien,nombr
5058,vien,dias
5059,grat,jehov
5060,harin,amas
5061,integr,corazon
5062,gran,temor
5063,gran,cantid
5064,gran,maner
5065,gran,abund
5066,gran,ejercit
5067,gran,vin
5068,gran,multitud
5069,gran,piedr
5070,gran,rey
5071,gran,goz
5072,gran,mortand
5073,gran,ciud
5074,gran,pod
5075,gran,voz
5076,gran,pec
5077,conform,med
5078,conform,obras
5079,conform,volunt
5080,conform,costumbr
5081,conform,cuent
5082,conform,numer
5083,conform,misericordi
5084,conform,rit
5085,conform,palabr
5086,conform,mandamient
5087,conform,dich
5088,conform,estim
5089,conform,mand
5090,conform,famili
5091,conform,camin
5092,conform,obra
5093,conform,justici
5094,conform,ley
5095,conform,tod
5096,conform,escrit
5097,iglesi,dios
5098,extend,alas
5099,extend,man
5100,extend,piel
5101,extend,ciel
5102,luz,mund
5103,luz,tiniebl
5104,luz,hij
5105,efrain,manases
5106,favor,jehov
5107,lug,alto
5108,lug,primogenit
5109,lug,espaci
5110,lug,padr
5111,lug,santisim
5112,lug,mor
5113,lug,santuari
5114,lug,sant
5115,lug,dav
5116,lug,desiert
5117,lug,llam
5118,lug,dios
5119,lug,hij
5120,lug,fuert
5121,lug,jehov
5122,lun,nuev
5123,lun,estrell
5124,jos,rey
5125,jos,dij
5126,jos,hiz
5127,jos,padr
5128,jos,egipt
5129,jos,hij
5130,jos,herman
5131,joa,hij
5132,job,job
5133,job,dij
5134,sueñ,interpret
5135,joi,hij
5136,bronc,bruñ
5137,bronc,hierr
5138,ciert,ciert
5139,ciert,mor
5140,ciert,dig
5141,ciert,viv
5142,ciert,dios
5143,ciert,hombr
5144,vend,compr
5145,engañ,corazon
5146,venc,mund
5147,señor,ciel
5148,señor,sab
5149,señor,jesus
5150,señor,jesucrist
5151,señor,señor
5152,señor,rey
5153,señor,dich
5154,señor,hac
5155,señor,envi
5156,señor,sierv
5157,señor,hombr
5158,señor,sin
5159,señor,tod
5160,señor,dad
5161,señor,siempr
5162,señor,dios
5163,señor,tierr
5164,señor,dij
5165,señor,cas
5166,señor,dia
5167,señor,dic
5168,señor,si
5169,señor,rein
5170,señor,jehov
5171,arrib,abaj
5172,arrib,pod
5173,arrib,ciel
5174,quit,tierr
5175,quit,vid
5176,quit,grosur
5177,quit,dios
5178,quit,mal
5179,quit,tod
5180,quit,pec
5181,quis,oir
5182,entend,habl
5183,entend,palabr
5184,cens,puebl
5185,resurreccion,muert
5186,hubier,dad
5187,cient,veint
5188,cient,cuarent
5189,cient,treint
5190,cient,cincuent
5191,cient,ochent
5192,catorc,dias
5193,catorc,corder
5194,canane,hete
5195,canane,fereze
5196,canane,habit
5197,ador,jehov
5198,ador,delant
5199,ador,estatu
5200,ador,dios
5201,present,ofrend
5202,present,delant
5203,señal,ciel
5204,señal,man
5205,señal,maravill
5206,señal,prodigi
5207,miembr,cuerp
5208,¿quien,este
5209,¿quien,sub
5210,¿quien,sab
5211,¿quien,enseñ
5212,¿quien,pues
5213,¿quien,podr
5214,querubin,palmer
5215,escog,israel
5216,escog,dios
5217,escog,jehov
5218,siti,jerusalen
5219,ve,paz
5220,ve,di
5221,prosper,camin
5222,despues,engendr
5223,despues,sal
5224,despues,vin
5225,despues,jesus
5226,despues,aquell
5227,despues,volv
5228,despues,rey
5229,despues,sub
5230,despues,hab
5231,despues,restaur
5232,despues,muert
5233,despues,acontec
5234,despues,tom
5235,despues,mir
5236,despues,dias
5237,despues,envi
5238,despues,part
5239,despues,lav
5240,despues,cos
5241,despues,dij
5242,despues,habl
5243,despues,lleg
5244,ave,ciel
5245,virg,hij
5246,circuncid,varon
5247,campament,israel
5248,campament,siri
5249,campament,filiste
5250,desiert,tierr
5251,desiert,cuarent
5252,desiert,soled
5253,desiert,paran
5254,desiert,zin
5255,desiert,sina
5256,estrad,pies
5257,juan,herman
5258,juan,bautist
5259,enseñam,estatut
5260,cinc,rey
5261,cinc,talent
5262,cinc,mil
5263,cinc,carner
5264,cinc,corder
5265,cinc,sicl
5266,cinc,cod
5267,cinc,cortin
5268,cinc,años
5269,cinc,dias
5270,cinc,pan
5271,cinc,mach
5272,cint,efod
5273,seiscient,hombr
5274,seiscient,cincuent
5275,siempr,misericordi
5276,siempr,delant
5277,elisam,hij
5278,estrell,ciel
5279,sopl,vient
5280,baruc,hij
5281,bander,campament
5282,abaj,tierr
5283,cuch,oro
5284,nadab,abiu
5285,jarr,plat
5286,piel,carner
5287,piel,carn
5288,piel,cuerp
5289,piel,tejon
5290,piez,plat
5291,durez,corazon
5292,pies,resbal
5293,crist,padec
5294,crist,mur
5295,crist,jesus
5296,crist,dios
5297,crist,hij
5298,crist,resucit
5299,accion,graci
5300,santuari,ambos
5301,santuari,jehov
5302,dieron,beb
5303,dieron,nuev
5304,dieron,avis
5305,dieron,voc
5306,nabot,jezreel
5307,pues,dad
5308,pues,puebl
5309,pues,sab
5310,pues,vin
5311,pues,jesus
5312,pues,guard
5313,pues,padr
5314,pues,viv
5315,pues,señor
5316,pues,hij
5317,pues,cuant
5318,pues,pas
5319,pues,corazon
5320,pues,asi
5321,pues,hac
5322,pues,aquel
5323,pues,aun
5324,pues,envi
5325,pues,sierv
5326,pues,escrit
5327,pues,tom
5328,pues,ven
5329,pues,hombr
5330,pues,oye
5331,pues,tod
5332,pues,aqu
5333,pues,hiz
5334,pues,¿qu
5335,pues,hic
5336,pues,habl
5337,pues,palabr
5338,pues,dios
5339,pues,ley
5340,pues,moises
5341,pues,ahor
5342,pues,har
5343,pues,recib
5344,pues,tierr
5345,pues,oh
5346,pues,herman
5347,pues,dav
5348,pues,¿por
5349,pues,dic
5350,pues,hech
5351,pues,si
5352,pues,mañan
5353,pues,lleg
5354,pues,rey
5355,pues,conoc
5356,pues,com
5357,pues,podr
5358,pues,dir
5359,pues,jehov
5360,dondequ,habit
5361,pued,cont
5362,pued,ser
5363,pued,sal
5364,pued,hac
5365,pued,dar
5366,pued,dec
5367,pued,com
5368,pued,salv
5369,refugi,dios
5370,vivient,dec
5371,column,fueg
5372,column,moldur
5373,column,nub
5374,column,bas
5375,daras,luz
5376,andes,camin
5377,amargur,alma
5378,lejan,tierr
5379,desenvain,espad
5380,guard,pact
5381,guard,orden
5382,guard,estatut
5383,guard,alma
5384,guard,testimoni
5385,guard,cas
5386,guard,pues
5387,guard,dia
5388,guard,mandamient
5389,guard,silenci
5390,guard,puert
5391,guard,palabr
5392,guard,camin
5393,guard,ley
5394,guard,tod
5395,siquem,hij
5396,vac,dos
5397,vac,ovej
5398,vac,carner
5399,vay,bien
5400,var,aaron
5401,var,mader
5402,vas,beb
5403,demas,hech
5404,demas,herman
5405,derram,cop
5406,derram,tierr
5407,derram,sangr
5408,derram,libacion
5409,derram,espiritu
5410,derram,ira
5411,derram,agu
5412,senaquerib,rey
5413,seis,mil
5414,seis,braz
5415,seis,cod
5416,seis,mes
5417,seis,años
5418,seis,dias
5419,recorr,tierr
5420,recorr,tod
5421,extrañ,com
5422,levit,hij
5423,levit,sacerdot
5424,levit,llev
5425,madr,hij
5426,madr,herman
5427,madr,dij
5428,madr,tom
5429,puert,tiend
5430,puert,rey
5431,puert,nort
5432,puert,cas
5433,puert,cerradur
5434,puert,templ
5435,puert,atri
5436,puert,cerr
5437,puert,haci
5438,puert,ciud
5439,puert,dos
5440,puert,jerusalen
5441,puert,oriental
5442,puert,tabernacul
5443,puert,puert
5444,glori,crist
5445,glori,alab
5446,glori,dios
5447,glori,israel
5448,glori,sigl
5449,glori,honr
5450,glori,hombr
5451,glori,pod
5452,glori,jehov
5453,resucit,muert
5454,merari,famili
5455,utensili,cas
5456,utensili,oro
5457,utensili,bronc
5458,pie,altar
5459,pie,mont
5460,pie,delant
5461,pie,derech
5462,mientr,habl
5463,mientr,iban
5464,mientr,aun
5465,sicl,oro
5466,sicl,santuari
5467,sicl,pes
5468,sicl,sicl
5469,sicl,plat
5470,sicl,llen
5471,balac,hij
5472,rebelion,israel
5473,rebelion,pec
5474,ocoz,hij
5475,ocoz,rey
5476,escap,espad
5477,escap,man
5478,junt,mar
5479,junt,altar
5480,junt,fuent
5481,junt,restaur
5482,junt,puebl
5483,junt,rio
5484,junt,jordan
5485,junt,puert
5486,junt,camin
5487,junt,arroy
5488,junt,limit
5489,junt,hij
5490,junt,agu
5491,junt,tod
5492,semej,hombr
5493,semej,hij
5494,semej,gran
5495,pilat,dij
5496,podr,libr
5497,podr,hac
5498,podr,com
5499,podr,ser
